id,root
1,37
2,46
3,2
4,11
5,6
6,2
7,3
8,15
9,16
10,16
11,31
12,17
13,21
14,7
15,25
16,5
17,3
18,4
19,11
20,26
21,3
22,6
23,5
24,38
25,19
26,23
27,2
28,19
29,6
30,4
31,18
32,1
33,10
34,20
35,6
36,24
37,32
38,29
39,9
40,21
41,18
42,28
43,25
44,7
45,28
46,10
47,17
48,3
49,7
50,36
51,4
52,1
53,2
54,32
55,8
56,16
57,2
58,11
59,26
60,16
61,11
62,25
63,4
64,1
65,20
66,1
67,3
68,16
69,6
70,13
71,12
72,29
73,25
74,3
75,20
76,11
77,9
78,17
79,16
80,29
81,23
82,5
83,9
84,19
85,8
86,7
87,7
88,8
89,19
90,8
91,12
92,18
93,15
94,23
95,26
96,9
97,2
98,31
99,16
100,5
101,16
102,2
103,7
104,23
105,20
106,6
107,23
108,3
109,28
110,17
111,10
112,17
113,21
114,11
115,2
116,15
117,5
118,22
119,6
120,12
121,11
122,17
123,1
124,3
125,14
126,26
127,14
128,7
129,29
130,10
131,10
132,2
133,15
134,28
135,15
136,6
137,8
138,28
139,11
140,13
141,10
142,6
143,5
144,17
145,2
146,14
147,3
148,3
149,4
150,6
151,7
152,18
153,23
154,34
155,10
156,4
157,3
158,11
159,19
160,28
161,6
162,1
163,7
164,18
165,6
166,10
167,17
168,7
169,23
170,20
171,27
172,2
173,15
174,33
175,12
176,16
177,6
178,19
179,21
180,10
181,7
182,11
183,2
184,10
185,17
186,20
187,2
188,6
189,21
190,13
191,7
192,13
193,37
194,10
195,9
196,3
197,29
198,7
199,2
200,35
201,9
202,14
203,3
204,6
205,16
206,28
207,10
208,7
209,15
210,19
211,16
212,15
213,14
214,29
215,11
216,28
217,16
218,5
219,27
220,27
221,18
222,38
223,2
224,10
225,3
226,12
227,6
228,12
229,16
230,8
231,15
232,28
233,11
234,16
235,1
236,25
237,21
238,4
239,22
240,13
241,8
242,2
243,17
244,25
245,17
246,29
247,12
248,15
249,22
250,18
251,20
252,4
253,6
254,24
255,11
256,9
257,15
258,5
259,9
260,11
261,8
262,11
263,21
264,24
265,12
266,7
267,32
268,12
269,17
270,16
271,20
272,21
273,4
274,8
275,5
276,16
277,19
278,13
279,4
280,11
281,7
282,13
283,31
284,5
285,5
286,18
287,18
288,4
289,20
290,6
291,12
292,8
293,23
294,17
295,13
296,5
297,15
298,9
299,6
300,12
301,18
302,27
303,4
304,2
305,3
306,11
307,25
308,2
309,4
310,5
311,22
312,6
313,29
314,31
315,54
316,10
317,32
318,10
319,12
320,44
321,10
322,4
323,11
324,3
325,26
326,25
327,2
328,20
329,12
330,7
331,2
332,5
333,1
334,21
335,22
336,4
337,17
338,2
339,16
340,28
341,7
342,5
343,23
344,38
345,16
346,13
347,21
348,8
349,25
350,16
351,13
352,35
353,8
354,17
355,8
356,13
357,1
358,6
359,10
360,1
361,19
362,13
363,26
364,10
365,3
366,12
367,4
368,1
369,15
370,6
371,3
372,14
373,27
374,13
375,25
376,4
377,9
378,4
379,2
380,24
381,7
382,22
383,9
384,3
385,19
386,6
387,6
388,14
389,15
390,3
391,8
392,14
393,17
394,2
395,1
396,6
397,2
398,47
399,10
400,1
401,15
402,10
403,23
404,1
405,16
406,7
407,16
408,15
409,17
410,10
411,2
412,6
413,33
414,2
415,4
416,5
417,14
418,10
419,1
420,19
421,18
422,6
423,10
424,30
425,8
426,2
427,6
428,7
429,22
430,20
431,25
432,14
433,16
434,16
435,13
436,13
437,3
438,17
439,20
440,4
441,12
442,7
443,6
444,10
445,5
446,16
447,2
448,10
449,1
450,2
451,9
452,33
453,12
454,1
455,21
456,30
457,14
458,10
459,10
460,4
461,9
462,14
463,16
464,5
465,17
466,8
467,11
468,11
469,21
470,15
471,29
472,21
473,20
474,13
475,21
476,34
477,15
478,28
479,23
480,21
481,26
482,5
483,7
484,31
485,22
486,16
487,18
488,12
489,15
490,12
491,5
492,18
493,12
494,8
495,8
496,14
497,15
498,6
499,13
500,5
501,6
502,1
503,1
504,11
505,4
506,1
507,10
508,9
509,6
510,11
511,3
512,6
513,11
514,1
515,13
516,3
517,3
518,4
519,5
520,7
521,5
522,7
523,14
524,6
525,21
526,5
527,1
528,5
529,7
530,7
531,1
532,6
533,10
534,5
535,8
536,9
537,6
538,10
539,3
540,9
541,4
542,8
543,8
544,12
545,17
546,8
547,6
548,2
549,8
550,5
551,2
552,3
553,12
554,9
555,5
556,5
557,15
558,3
559,3
560,6
561,4
562,10
563,14
564,4
565,1
566,2
567,7
568,3
569,1
570,1
571,2
572,13
573,11
574,14
575,18
576,14
577,4
578,12
579,4
580,2
581,7
582,5
583,11
584,17
585,14
586,9
587,7
588,9
589,1
590,14
591,3
592,7
593,18
594,5
595,3
596,11
597,4
598,2
599,9
600,7
601,4
602,16
603,3
604,5
605,10
606,5
607,11
608,3
609,6
610,5
611,3
612,13
613,3
614,15
615,12
616,4
617,15
618,2
619,4
620,10
621,13
622,5
623,4
624,12
625,8
626,6
627,3
628,3
629,8
630,2
631,8
632,7
633,8
634,5
635,6
636,6
637,1
638,3
639,1
640,4
641,6
642,5
643,1
644,6
645,5
646,3
647,6
648,8
649,8
650,4
651,7
652,8
653,7
654,3
655,8
656,11
657,10
658,2
659,1
660,4
661,5
662,5
663,9
664,12
665,1
666,11
667,2
668,4
669,8
670,5
671,1
672,6
673,10
674,12
675,7
676,5
677,12
678,2
679,5
680,1
681,7
682,9
683,2
684,13
685,5
686,8
687,8
688,14
689,13
690,15
691,4
692,20
693,3
694,3
695,12
696,2
697,3
698,7
699,7
700,15
701,19
702,1
703,5
704,10
705,12
706,1
707,3
708,8
709,1
710,8
711,18
712,2
713,3
714,15
715,9
716,10
717,13
718,3
719,1
720,10
721,6
722,7
723,16
724,2
725,2
726,6
727,6
728,3
729,6
730,6
731,4
732,11
733,6
734,16
735,7
736,8
737,5
738,3
739,5
740,18
741,9
742,6
743,5
744,6
745,14
746,6
747,5
748,2
749,1
750,5
751,2
752,12
753,12
754,15
755,20
756,1
757,14
758,1
759,12
760,9
761,3
762,8
763,3
764,4
765,13
766,10
767,10
768,15
769,3
770,23
771,7
772,1
773,1
774,4
775,3
776,3
777,1
778,28
779,6
780,1
781,3
782,3
783,4
784,10
785,2
786,9
787,1
788,15
789,15
790,7
791,6
792,14
793,7
794,5
795,5
796,7
797,9
798,21
799,3
800,10
801,1
802,8
803,3
804,2
805,7
806,4
807,17
808,4
809,18
810,29
811,1
812,14
813,3
814,8
815,21
816,6
817,4
818,1
819,3
820,9
821,12
822,4
823,4
824,1
825,1
826,5
827,5
828,3
829,1
830,11
831,14
832,6
833,2
834,4
835,3
836,4
837,2
838,12
839,7
840,1
841,1
842,5
843,2
844,20
845,3
846,17
847,2
848,13
849,1
850,4
851,15
852,5
853,11
854,10
855,13
856,2
857,8
858,9
859,6
860,7
861,16
862,1
863,10
864,11
865,3
866,14
867,10
868,22
869,6
870,5
871,3
872,5
873,1
874,8
875,9
876,1
877,7
878,2
879,3
880,8
881,5
882,3
883,4
884,16
885,1
886,1
887,6
888,2
889,4
890,5
891,6
892,6
893,10
894,3
895,12
896,7
897,9
898,14
899,12
900,1
901,1
902,6
903,4
904,3
905,1
906,10
907,5
908,6
909,2
910,8
911,6
912,8
913,5
914,10
915,5
916,3
917,6
918,4
919,1
920,7
921,4
922,1
923,5
924,7
925,7
926,8
927,10
928,13
929,5
930,11
931,8
932,20
933,3
934,6
935,12
936,5
937,9
938,10
939,5
940,5
941,1
942,1
943,3
944,12
945,4
946,2
947,8
948,2
949,3
950,3
951,11
952,4
953,7
954,1
955,2
956,1
957,5
958,2
959,1
960,15
961,6
962,4
963,15
964,2
965,1
966,15
967,19
968,2
969,9
970,8
971,7
972,4
973,8
974,2
975,4
976,4
977,6
978,11
979,16
980,12
981,10
982,9
983,2
984,17
985,8
986,9
987,15
988,13
989,12
990,9
991,32
992,7
993,18
994,4
995,3
996,15
997,8
998,19
999,18
1000,2
1001,35
1002,2
1003,16
1004,6
1005,34
1006,10
1007,17
1008,9
1009,8
1010,1
1011,5
1012,18
1013,6
1014,42
1015,33
1016,17
1017,9
1018,25
1019,9
1020,40
1021,5
1022,11
1023,4
1024,1
1025,7
1026,9
1027,6
1028,18
1029,12
1030,8
1031,10
1032,17
1033,5
1034,3
1035,1
1036,26
1037,1
1038,13
1039,14
1040,31
1041,1
1042,18
1043,4
1044,17
1045,18
1046,23
1047,8
1048,22
1049,4
1050,1
1051,6
1052,10
1053,8
1054,16
1055,15
1056,1
1057,19
1058,10
1059,2
1060,24
1061,8
1062,2
1063,5
1064,3
1065,1
1066,5
1067,16
1068,11
1069,4
1070,15
1071,19
1072,1
1073,6
1074,8
1075,15
1076,6
1077,21
1078,18
1079,3
1080,21
1081,27
1082,1
1083,27
1084,11
1085,9
1086,1
1087,2
1088,2
1089,11
1090,18
1091,11
1092,2
1093,6
1094,22
1095,4
1096,3
1097,22
1098,3
1099,12
1100,11
1101,3
1102,34
1103,27
1104,9
1105,12
1106,13
1107,27
1108,9
1109,3
1110,12
1111,3
1112,14
1113,2
1114,20
1115,12
1116,9
1117,5
1118,17
1119,23
1120,3
1121,20
1122,4
1123,4
1124,2
1125,2
1126,7
1127,2
1128,16
1129,1
1130,8
1131,3
1132,4
1133,12
1134,10
1135,3
1136,8
1137,5
1138,6
1139,6
1140,16
1141,1
1142,5
1143,8
1144,23
1145,3
1146,2
1147,2
1148,2
1149,11
1150,13
1151,6
1152,14
1153,8
1154,20
1155,4
1156,12
1157,14
1158,18
1159,15
1160,10
1161,6
1162,6
1163,6
1164,7
1165,6
1166,4
1167,18
1168,17
1169,9
1170,13
1171,5
1172,14
1173,8
1174,17
1175,9
1176,9
1177,12
1178,3
1179,1
1180,14
1181,11
1182,3
1183,1
1184,21
1185,13
1186,3
1187,6
1188,9
1189,17
1190,19
1191,3
1192,5
1193,2
1194,19
1195,9
1196,14
1197,6
1198,26
1199,3
1200,3
1201,7
1202,8
1203,2
1204,28
1205,8
1206,23
1207,2
1208,2
1209,2
1210,2
1211,19
1212,16
1213,20
1214,9
1215,33
1216,19
1217,4
1218,25
1219,4
1220,12
1221,10
1222,1
1223,12
1224,6
1225,10
1226,5
1227,1
1228,1
1229,2
1230,9
1231,16
1232,13
1233,8
1234,23
1235,15
1236,6
1237,17
1238,6
1239,15
1240,17
1241,21
1242,14
1243,3
1244,2
1245,7
1246,23
1247,6
1248,8
1249,25
1250,22
1251,26
1252,25
1253,23
1254,26
1255,2
1256,6
1257,23
1258,3
1259,1
1260,12
1261,18
1262,2
1263,7
1264,30
1265,64
1266,4
1267,20
1268,6
1269,8
1270,2
1271,2
1272,1
1273,34
1274,5
1275,5
1276,12
1277,24
1278,4
1279,1
1280,3
1281,18
1282,5
1283,27
1284,25
1285,9
1286,23
1287,13
1288,10
1289,9
1290,6
1291,11
1292,5
1293,27
1294,25
1295,21
1296,5
1297,13
1298,15
1299,4
1300,7
1301,20
1302,27
1303,34
1304,5
1305,12
1306,6
1307,22
1308,7
1309,5
1310,11
1311,7
1312,15
1313,6
1314,13
1315,11
1316,13
1317,7
1318,12
1319,3
1320,7
1321,1
1322,6
1323,4
1324,15
1325,1
1326,1
1327,7
1328,10
1329,7
1330,21
1331,1
1332,14
1333,2
1334,5
1335,6
1336,3
1337,18
1338,8
1339,6
1340,6
1341,16
1342,20
1343,12
1344,12
1345,14
1346,25
1347,5
1348,18
1349,4
1350,13
1351,16
1352,1
1353,2
1354,12
1355,3
1356,14
1357,7
1358,26
1359,16
1360,19
1361,6
1362,9
1363,17
1364,4
1365,29
1366,7
1367,15
1368,8
1369,8
1370,1
1371,11
1372,23
1373,1
1374,7
1375,11
1376,22
1377,6
1378,9
1379,31
1380,2
1381,2
1382,5
1383,2
1384,21
1385,9
1386,16
1387,3
1388,4
1389,15
1390,13
1391,3
1392,9
1393,12
1394,23
1395,12
1396,15
1397,3
1398,12
1399,2
1400,10
1401,2
1402,4
1403,16
1404,7
1405,2
1406,14
1407,7
1408,9
1409,1
1410,6
1411,8
1412,6
1413,9
1414,6
1415,13
1416,11
1417,9
1418,8
1419,11
1420,5
1421,21
1422,7
1423,10
1424,17
1425,11
1426,4
1427,3
1428,17
1429,12
1430,23
1431,17
1432,12
1433,21
1434,2
1435,11
1436,14
1437,3
1438,1
1439,14
1440,1
1441,20
1442,32
1443,12
1444,12
1445,2
1446,21
1447,2
1448,5
1449,13
1450,24
1451,1
1452,10
1453,1
1454,4
1455,11
1456,1
1457,8
1458,23
1459,16
1460,16
1461,11
1462,3
1463,8
1464,12
1465,12
1466,3
1467,22
1468,18
1469,2
1470,15
1471,4
1472,9
1473,16
1474,24
1475,14
1476,1
1477,4
1478,16
1479,1
1480,19
1481,29
1482,8
1483,33
1484,9
1485,14
1486,4
1487,16
1488,12
1489,7
1490,3
1491,3
1492,7
1493,5
1494,11
1495,4
1496,21
1497,12
1498,4
1499,9
1500,3
1501,2
1502,15
1503,6
1504,20
1505,16
1506,8
1507,10
1508,2
1509,18
1510,7
1511,12
1512,5
1513,6
1514,9
1515,7
1516,9
1517,6
1518,9
1519,3
1520,8
1521,14
1522,11
1523,15
1524,13
1525,15
1526,8
1527,23
1528,16
1529,1
1530,4
1531,23
1532,3
1533,18
1534,9
1535,6
1536,9
1537,17
1538,11
1539,10
1540,12
1541,19
1542,1
1543,22
1544,14
1545,12
1546,4
1547,19
1548,6
1549,25
1550,20
1551,1
1552,6
1553,5
1554,13
1555,19
1556,11
1557,9
1558,21
1559,3
1560,9
1561,9
1562,4
1563,13
1564,9
1565,11
1566,10
1567,5
1568,9
1569,6
1570,3
1571,9
1572,18
1573,18
1574,17
1575,6
1576,17
1577,19
1578,8
1579,2
1580,25
1581,11
1582,2
1583,18
1584,3
1585,28
1586,3
1587,5
1588,1
1589,24
1590,13
1591,4
1592,17
1593,8
1594,2
1595,17
1596,2
1597,3
1598,7
1599,5
1600,12
1601,8
1602,10
1603,24
1604,2
1605,6
1606,17
1607,17
1608,3
1609,17
1610,1
1611,10
1612,6
1613,23
1614,1
1615,15
1616,24
1617,4
1618,4
1619,16
1620,8
1621,3
1622,8
1623,17
1624,1
1625,16
1626,6
1627,4
1628,4
1629,11
1630,3
1631,1
1632,5
1633,4
1634,10
1635,13
1636,4
1637,2
1638,13
1639,6
1640,10
1641,2
1642,10
1643,1
1644,2
1645,7
1646,10
1647,6
1648,8
1649,7
1650,13
1651,4
1652,20
1653,18
1654,1
1655,10
1656,19
1657,2
1658,4
1659,12
1660,4
1661,8
1662,9
1663,5
1664,6
1665,6
1666,9
1667,15
1668,8
1669,4
1670,9
1671,4
1672,8
1673,13
1674,8
1675,14
1676,1
1677,2
1678,21
1679,4
1680,24
1681,11
1682,7
1683,5
1684,11
1685,8
1686,6
1687,9
1688,4
1689,4
1690,22
1691,4
1692,9
1693,18
1694,17
1695,17
1696,3
1697,5
1698,3
1699,11
1700,7
1701,5
1702,5
1703,4
1704,6
1705,14
1706,12
1707,16
1708,4
1709,3
1710,4
1711,8
1712,12
1713,1
1714,16
1715,5
1716,7
1717,3
1718,11
1719,2
1720,4
1721,3
1722,10
1723,3
1724,19
1725,12
1726,7
1727,4
1728,3
1729,19
1730,21
1731,3
1732,13
1733,15
1734,11
1735,6
1736,22
1737,4
1738,4
1739,16
1740,11
1741,13
1742,7
1743,14
1744,1
1745,15
1746,13
1747,2
1748,24
1749,23
1750,7
1751,4
1752,25
1753,5
1754,2
1755,18
1756,11
1757,2
1758,4
1759,8
1760,37
1761,5
1762,22
1763,9
1764,13
1765,19
1766,7
1767,4
1768,13
1769,3
1770,3
1771,4
1772,17
1773,5
1774,22
1775,4
1776,17
1777,12
1778,1
1779,1
1780,13
1781,15
1782,12
1783,9
1784,8
1785,17
1786,8
1787,25
1788,28
1789,15
1790,17
1791,7
1792,23
1793,17
1794,6
1795,18
1796,14
1797,2
1798,10
1799,10
1800,9
1801,12
1802,4
1803,5
1804,10
1805,18
1806,12
1807,1
1808,10
1809,14
1810,7
1811,18
1812,10
1813,4
1814,2
1815,13
1816,4
1817,7
1818,12
1819,9
1820,13
1821,19
1822,9
1823,11
1824,11
1825,10
1826,8
1827,5
1828,15
1829,11
1830,2
1831,1
1832,12
1833,1
1834,6
1835,13
1836,18
1837,10
1838,12
1839,8
1840,10
1841,13
1842,1
1843,8
1844,4
1845,6
1846,16
1847,14
1848,8
1849,8
1850,5
1851,7
1852,3
1853,5
1854,11
1855,22
1856,13
1857,18
1858,51
1859,5
1860,16
1861,3
1862,23
1863,5
1864,8
1865,13
1866,3
1867,20
1868,9
1869,4
1870,13
1871,12
1872,6
1873,5
1874,26
1875,6
1876,1
1877,2
1878,17
1879,22
1880,6
1881,11
1882,6
1883,13
1884,3
1885,14
1886,8
1887,7
1888,12
1889,3
1890,14
1891,11
1892,3
1893,2
1894,7
1895,10
1896,4
1897,5
1898,32
1899,5
1900,6
1901,12
1902,16
1903,14
1904,8
1905,3
1906,14
1907,7
1908,6
1909,15
1910,1
1911,11
1912,1
1913,2
1914,15
1915,2
1916,2
1917,8
1918,20
1919,19
1920,5
1921,10
1922,11
1923,9
1924,10
1925,20
1926,13
1927,10
1928,16
1929,8
1930,12
1931,9
1932,14
1933,2
1934,15
1935,2
1936,19
1937,24
1938,11
1939,6
1940,16
1941,7
1942,5
1943,3
1944,12
1945,24
1946,13
1947,1
1948,5
1949,2
1950,18
1951,8
1952,5
1953,20
1954,17
1955,14
1956,16
1957,7
1958,1
1959,11
1960,10
1961,3
1962,16
1963,16
1964,6
1965,5
1966,22
1967,7
1968,3
1969,6
1970,9
1971,7
1972,9
1973,14
1974,25
1975,16
1976,3
1977,11
1978,17
1979,9
1980,15
1981,26
1982,1
1983,1
1984,1
1985,1
1986,13
1987,6
1988,10
1989,3
1990,2
1991,45
1992,9
1993,4
1994,10
1995,12
1996,5
1997,25
1998,2
1999,13
2000,28
2001,3
2002,2
2003,5
2004,2
2005,19
2006,15
2007,4
2008,15
2009,3
2010,18
2011,14
2012,13
2013,9
2014,15
2015,11
2016,12
2017,2
2018,25
2019,7
2020,1
2021,11
2022,17
2023,1
2024,4
2025,10
2026,8
2027,4
2028,2
2029,10
2030,10
2031,5
2032,14
2033,9
2034,17
2035,10
2036,2
2037,12
2038,37
2039,29
2040,15
2041,12
2042,38
2043,1
2044,29
2045,21
2046,4
2047,13
2048,12
2049,8
2050,12
2051,14
2052,15
2053,1
2054,4
2055,14
2056,15
2057,16
2058,1
2059,7
2060,6
2061,28
2062,1
2063,3
2064,4
2065,11
2066,1
2067,26
2068,6
2069,20
2070,3
2071,9
2072,3
2073,17
2074,17
2075,14
2076,13
2077,14
2078,14
2079,1
2080,2
2081,24
2082,6
2083,4
2084,31
2085,9
2086,4
2087,3
2088,7
2089,22
2090,21
2091,8
2092,20
2093,23
2094,10
2095,4
2096,13
2097,25
2098,12
2099,5
2100,2
2101,19
2102,7
2103,2
2104,17
2105,8
2106,25
2107,12
2108,26
2109,8
2110,13
2111,12
2112,3
2113,13
2114,18
2115,1
2116,3
2117,4
2118,11
2119,5
2120,10
2121,3
2122,1
2123,8
2124,12
2125,7
2126,4
2127,2
2128,7
2129,17
2130,16
2131,7
2132,2
2133,15
2134,5
2135,6
2136,2
2137,11
2138,14
2139,2
2140,13
2141,15
2142,10
2143,11
2144,15
2145,13
2146,14
2147,28
2148,14
2149,19
2150,7
2151,15
2152,6
2153,8
2154,10
2155,6
2156,8
2157,14
2158,19
2159,12
2160,9
2161,6
2162,18
2163,12
2164,1
2165,15
2166,6
2167,6
2168,8
2169,5
2170,14
2171,10
2172,14
2173,7
2174,32
2175,25
2176,8
2177,19
2178,2
2179,8
2180,17
2181,7
2182,15
2183,5
2184,1
2185,15
2186,27
2187,4
2188,2
2189,17
2190,6
2191,16
2192,17
2193,13
2194,8
2195,1
2196,26
2197,3
2198,6
2199,15
2200,1
2201,7
2202,18
2203,19
2204,6
2205,16
2206,15
2207,11
2208,20
2209,14
2210,15
2211,11
2212,5
2213,9
2214,3
2215,6
2216,19
2217,10
2218,7
2219,25
2220,7
2221,5
2222,1
2223,12
2224,27
2225,22
2226,16
2227,5
2228,14
2229,12
2230,16
2231,16
2232,26
2233,2
2234,14
2235,2
2236,5
2237,15
2238,8
2239,8
2240,28
2241,28
2242,22
2243,15
2244,26
2245,2
2246,12
2247,23
2248,5
2249,19
2250,6
2251,14
2252,1
2253,9
2254,5
2255,1
2256,16
2257,10
2258,4
2259,17
2260,24
2261,14
2262,6
2263,39
2264,2
2265,5
2266,13
2267,7
2268,6
2269,12
2270,2
2271,6
2272,10
2273,2
2274,6
2275,3
2276,14
2277,18
2278,12
2279,7
2280,13
2281,9
2282,9
2283,10
2284,3
2285,18
2286,3
2287,2
2288,1
2289,10
2290,21
2291,11
2292,14
2293,23
2294,28
2295,49
2296,4
2297,3
2298,12
2299,16
2300,12
2301,12
2302,8
2303,5
2304,14
2305,13
2306,4
2307,1
2308,2
2309,13
2310,2
2311,1
2312,2
2313,3
2314,26
2315,19
2316,31
2317,20
2318,6
2319,3
2320,28
2321,3
2322,1
2323,1
2324,25
2325,8
2326,6
2327,15
2328,2
2329,11
2330,1
2331,16
2332,22
2333,23
2334,4
2335,5
2336,9
2337,8
2338,19
2339,7
2340,18
2341,3
2342,7
2343,5
2344,20
2345,1
2346,5
2347,7
2348,14
2349,15
2350,23
2351,16
2352,2
2353,4
2354,2
2355,14
2356,1
2357,1
2358,10
2359,8
2360,8
2361,1
2362,6
2363,2
2364,4
2365,16
2366,2
2367,6
2368,10
2369,36
2370,5
2371,9
2372,4
2373,18
2374,31
2375,9
2376,15
2377,12
2378,38
2379,2
2380,9
2381,7
2382,12
2383,26
2384,8
2385,18
2386,12
2387,1
2388,2
2389,5
2390,22
2391,14
2392,1
2393,5
2394,10
2395,13
2396,17
2397,1
2398,14
2399,6
2400,3
2401,9
2402,7
2403,4
2404,4
2405,5
2406,4
2407,13
2408,7
2409,3
2410,20
2411,18
2412,10
2413,21
2414,4
2415,2
2416,6
2417,22
2418,20
2419,7
2420,28
2421,16
2422,12
2423,9
2424,3
2425,12
2426,17
2427,7
2428,17
2429,14
2430,6
2431,10
2432,30
2433,6
2434,6
2435,22
2436,2
2437,11
2438,8
2439,6
2440,14
2441,3
2442,9
2443,9
2444,3
2445,5
2446,4
2447,2
2448,24
2449,13
2450,3
2451,17
2452,9
2453,9
2454,15
2455,2
2456,30
2457,5
2458,14
2459,12
2460,36
2461,18
2462,7
2463,23
2464,16
2465,15
2466,11
2467,8
2468,2
2469,18
2470,18
2471,2
2472,11
2473,4
2474,29
2475,5
2476,28
2477,11
2478,18
2479,1
2480,5
2481,13
2482,3
2483,10
2484,13
2485,4
2486,20
2487,1
2488,17
2489,2
2490,11
2491,14
2492,11
2493,6
2494,25
2495,14
2496,9
2497,10
2498,10
2499,5
2500,35
2501,16
2502,7
2503,2
2504,8
2505,13
2506,4
2507,6
2508,7
2509,21
2510,10
2511,7
2512,17
2513,12
2514,8
2515,24
2516,13
2517,14
2518,5
2519,10
2520,11
2521,14
2522,5
2523,11
2524,15
2525,22
2526,14
2527,17
2528,12
2529,16
2530,8
2531,27
2532,31
2533,30
2534,25
2535,9
2536,4
2537,31
2538,3
2539,29
2540,7
2541,10
2542,1
2543,15
2544,1
2545,6
2546,8
2547,18
2548,11
2549,6
2550,4
2551,13
2552,10
2553,2
2554,20
2555,11
2556,1
2557,5
2558,14
2559,7
2560,1
2561,12
2562,20
2563,10
2564,16
2565,12
2566,23
2567,13
2568,15
2569,18
2570,6
2571,13
2572,13
2573,16
2574,11
2575,13
2576,13
2577,1
2578,1
2579,10
2580,20
2581,3
2582,12
2583,3
2584,16
2585,2
2586,10
2587,19
2588,45
2589,1
2590,1
2591,12
2592,20
2593,24
2594,13
2595,14
2596,11
2597,13
2598,9
2599,3
2600,14
2601,3
2602,7
2603,7
2604,11
2605,3
2606,1
2607,2
2608,6
2609,10
2610,10
2611,8
2612,5
2613,21
2614,3
2615,12
2616,2
2617,4
2618,14
2619,2
2620,11
2621,13
2622,9
2623,11
2624,5
2625,13
2626,5
2627,19
2628,12
2629,11
2630,3
2631,7
2632,1
2633,6
2634,7
2635,2
2636,25
2637,19
2638,1
2639,5
2640,20
2641,8
2642,22
2643,17
2644,4
2645,17
2646,8
2647,11
2648,15
2649,18
2650,8
2651,5
2652,6
2653,9
2654,14
2655,1
2656,5
2657,17
2658,8
2659,8
2660,17
2661,5
2662,13
2663,14
2664,6
2665,16
2666,17
2667,1
2668,29
2669,26
2670,25
2671,2
2672,17
2673,10
2674,11
2675,2
2676,15
2677,1
2678,12
2679,12
2680,21
2681,37
2682,4
2683,27
2684,6
2685,1
2686,14
2687,1
2688,6
2689,11
2690,16
2691,7
2692,3
2693,2
2694,17
2695,28
2696,16
2697,18
2698,14
2699,3
2700,4
2701,19
2702,3
2703,5
2704,8
2705,6
2706,4
2707,17
2708,9
2709,12
2710,15
2711,2
2712,6
2713,3
2714,5
2715,14
2716,5
2717,7
2718,9
2719,2
2720,9
2721,14
2722,5
2723,15
2724,12
2725,12
2726,29
2727,21
2728,7
2729,6
2730,11
2731,3
2732,1
2733,11
2734,16
2735,35
2736,12
2737,25
2738,19
2739,24
2740,17
2741,10
2742,19
2743,7
2744,6
2745,24
2746,4
2747,10
2748,25
2749,15
2750,22
2751,11
2752,1
2753,12
2754,6
2755,23
2756,11
2757,6
2758,18
2759,1
2760,5
2761,15
2762,4
2763,2
2764,21
2765,4
2766,6
2767,7
2768,24
2769,10
2770,7
2771,7
2772,21
2773,12
2774,9
2775,9
2776,9
2777,33
2778,18
2779,25
2780,6
2781,7
2782,23
2783,13
2784,2
2785,7
2786,24
2787,11
2788,6
2789,22
2790,3
2791,6
2792,8
2793,18
2794,14
2795,23
2796,20
2797,3
2798,7
2799,7
2800,9
2801,22
2802,1
2803,9
2804,6
2805,31
2806,5
2807,4
2808,4
2809,5
2810,24
2811,20
2812,22
2813,1
2814,1
2815,7
2816,6
2817,8
2818,20
2819,1
2820,9
2821,10
2822,34
2823,4
2824,16
2825,16
2826,3
2827,9
2828,3
2829,5
2830,13
2831,11
2832,6
2833,7
2834,3
2835,1
2836,16
2837,2
2838,12
2839,18
2840,16
2841,9
2842,6
2843,4
2844,8
2845,20
2846,22
2847,20
2848,14
2849,20
2850,21
2851,4
2852,12
2853,4
2854,1
2855,6
2856,15
2857,2
2858,7
2859,7
2860,12
2861,10
2862,3
2863,9
2864,30
2865,13
2866,7
2867,18
2868,6
2869,19
2870,3
2871,17
2872,15
2873,4
2874,8
2875,3
2876,3
2877,16
2878,1
2879,21
2880,21
2881,14
2882,4
2883,8
2884,6
2885,15
2886,22
2887,3
2888,15
2889,1
2890,8
2891,17
2892,10
2893,1
2894,5
2895,9
2896,22
2897,1
2898,8
2899,17
2900,4
2901,7
2902,12
2903,4
2904,8
2905,22
2906,24
2907,9
2908,3
2909,12
2910,16
2911,14
2912,28
2913,3
2914,9
2915,2
2916,14
2917,11
2918,13
2919,13
2920,4
2921,3
2922,8
2923,16
2924,19
2925,5
2926,4
2927,24
2928,5
2929,10
2930,18
2931,9
2932,9
2933,3
2934,12
2935,14
2936,11
2937,4
2938,16
2939,2
2940,30
2941,8
2942,10
2943,29
2944,3
2945,9
2946,25
2947,27
2948,18
2949,6
2950,17
2951,5
2952,26
2953,11
2954,1
2955,22
2956,26
2957,8
2958,18
2959,13
2960,2
2961,11
2962,6
2963,11
2964,18
2965,28
2966,23
2967,14
2968,10
2969,11
2970,2
2971,30
2972,18
2973,22
2974,7
2975,3
2976,5
2977,6
2978,27
2979,1
2980,12
2981,5
2982,8
2983,11
2984,9
2985,20
2986,9
2987,31
2988,4
2989,9
2990,11
2991,3
2992,3
2993,5
2994,14
2995,25
2996,15
2997,1
2998,24
2999,8
3000,28
3001,4
3002,10
3003,12
3004,2
3005,12
3006,15
3007,12
3008,31
3009,1
3010,25
3011,3
3012,14
3013,6
3014,3
3015,25
3016,25
3017,6
3018,33
3019,17
3020,8
3021,1
3022,4
3023,16
3024,22
3025,14
3026,24
3027,38
3028,16
3029,12
3030,1
3031,8
3032,22
3033,10
3034,10
3035,19
3036,13
3037,13
3038,8
3039,8
3040,18
3041,5
3042,20
3043,24
3044,3
3045,10
3046,23
3047,24
3048,9
3049,8
3050,19
3051,35
3052,2
3053,7
3054,7
3055,19
3056,2
3057,23
3058,5
3059,11
3060,7
3061,18
3062,10
3063,16
3064,1
3065,24
3066,8
3067,6
3068,1
3069,6
3070,6
3071,21
3072,3
3073,9
3074,14
3075,11
3076,1
3077,12
3078,3
3079,12
3080,17
3081,1
3082,22
3083,11
3084,3
3085,2
3086,11
3087,29
3088,20
3089,5
3090,18
3091,2
3092,21
3093,8
3094,18
3095,2
3096,15
3097,8
3098,1
3099,7
3100,10
3101,1
3102,1
3103,6
3104,10
3105,6
3106,1
3107,2
3108,13
3109,6
3110,9
3111,3
3112,13
3113,13
3114,11
3115,15
3116,13
3117,5
3118,7
3119,13
3120,8
3121,9
3122,19
3123,18
3124,3
3125,2
3126,18
3127,14
3128,8
3129,19
3130,7
3131,20
3132,9
3133,3
3134,18
3135,9
3136,5
3137,29
3138,9
3139,21
3140,21
3141,10
3142,1
3143,2
3144,20
3145,5
3146,5
3147,2
3148,17
3149,21
3150,8
3151,5
3152,15
3153,9
3154,3
3155,17
3156,15
3157,3
3158,9
3159,19
3160,14
3161,10
3162,21
3163,33
3164,2
3165,12
3166,16
3167,7
3168,4
3169,18
3170,22
3171,10
3172,7
3173,12
3174,10
3175,6
3176,35
3177,7
3178,1
3179,2
3180,3
3181,19
3182,14
3183,6
3184,18
3185,4
3186,15
3187,2
3188,6
3189,17
3190,23
3191,14
3192,6
3193,16
3194,7
3195,15
3196,14
3197,4
3198,11
3199,10
3200,8
3201,3
3202,23
3203,6
3204,23
3205,14
3206,6
3207,15
3208,11
3209,33
3210,9
3211,14
3212,3
3213,10
3214,11
3215,4
3216,3
3217,1
3218,18
3219,15
3220,16
3221,13
3222,19
3223,2
3224,20
3225,7
3226,28
3227,11
3228,9
3229,26
3230,39
3231,1
3232,28
3233,16
3234,18
3235,7
3236,3
3237,28
3238,4
3239,8
3240,25
3241,16
3242,5
3243,13
3244,34
3245,46
3246,8
3247,17
3248,4
3249,17
3250,16
3251,8
3252,5
3253,18
3254,1
3255,1
3256,19
3257,10
3258,8
3259,7
3260,7
3261,23
3262,3
3263,1
3264,16
3265,9
3266,12
3267,1
3268,15
3269,4
3270,17
3271,6
3272,22
3273,31
3274,22
3275,21
3276,6
3277,13
3278,8
3279,5
3280,11
3281,10
3282,11
3283,31
3284,15
3285,8
3286,7
3287,13
3288,6
3289,11
3290,29
3291,5
3292,17
3293,1
3294,1
3295,16
3296,14
3297,1
3298,11
3299,6
3300,10
3301,4
3302,3
3303,6
3304,12
3305,3
3306,7
3307,19
3308,3
3309,14
3310,12
3311,11
3312,10
3313,20
3314,20
3315,6
3316,2
3317,3
3318,4
3319,21
3320,11
3321,21
3322,23
3323,11
3324,2
3325,9
3326,5
3327,3
3328,15
3329,10
3330,3
3331,17
3332,10
3333,5
3334,14
3335,8
3336,20
3337,10
3338,3
3339,12
3340,7
3341,9
3342,13
3343,16
3344,13
3345,25
3346,4
3347,7
3348,10
3349,12
3350,6
3351,2
3352,22
3353,6
3354,3
3355,8
3356,15
3357,7
3358,2
3359,29
3360,8
3361,8
3362,2
3363,14
3364,32
3365,6
3366,17
3367,3
3368,20
3369,16
3370,12
3371,14
3372,11
3373,20
3374,10
3375,11
3376,13
3377,12
3378,4
3379,4
3380,5
3381,11
3382,2
3383,2
3384,1
3385,15
3386,13
3387,19
3388,8
3389,21
3390,6
3391,1
3392,8
3393,10
3394,20
3395,14
3396,3
3397,11
3398,2
3399,11
3400,13
3401,4
3402,9
3403,7
3404,22
3405,7
3406,1
3407,23
3408,11
3409,25
3410,12
3411,18
3412,4
3413,15
3414,6
3415,5
3416,10
3417,5
3418,1
3419,22
3420,3
3421,11
3422,14
3423,12
3424,4
3425,16
3426,17
3427,1
3428,1
3429,13
3430,7
3431,11
3432,8
3433,3
3434,1
3435,9
3436,14
3437,12
3438,1
3439,1
3440,10
3441,9
3442,30
3443,10
3444,8
3445,12
3446,9
3447,24
3448,3
3449,27
3450,26
3451,14
3452,6
3453,22
3454,7
3455,13
3456,21
3457,13
3458,17
3459,25
3460,22
3461,27
3462,4
3463,8
3464,6
3465,3
3466,31
3467,25
3468,26
3469,8
3470,6
3471,6
3472,1
3473,12
3474,12
3475,12
3476,27
3477,11
3478,6
3479,10
3480,14
3481,3
3482,14
3483,14
3484,15
3485,9
3486,7
3487,9
3488,5
3489,16
3490,26
3491,7
3492,1
3493,7
3494,7
3495,17
3496,7
3497,12
3498,1
3499,9
3500,15
3501,1
3502,17
3503,15
3504,18
3505,23
3506,4
3507,14
3508,9
3509,12
3510,21
3511,15
3512,14
3513,25
3514,11
3515,21
3516,16
3517,6
3518,10
3519,17
3520,14
3521,18
3522,5
3523,14
3524,11
3525,5
3526,3
3527,7
3528,3
3529,14
3530,2
3531,3
3532,13
3533,8
3534,7
3535,9
3536,11
3537,17
3538,12
3539,2
3540,8
3541,10
3542,12
3543,11
3544,20
3545,12
3546,13
3547,7
3548,13
3549,18
3550,6
3551,9
3552,19
3553,14
3554,10
3555,1
3556,18
3557,3
3558,8
3559,2
3560,11
3561,17
3562,3
3563,20
3564,11
3565,15
3566,22
3567,3
3568,5
3569,7
3570,17
3571,4
3572,17
3573,1
3574,14
3575,18
3576,5
3577,2
3578,27
3579,2
3580,1
3581,9
3582,14
3583,20
3584,10
3585,17
3586,6
3587,8
3588,6
3589,16
3590,3
3591,13
3592,9
3593,4
3594,15
3595,7
3596,4
3597,6
3598,18
3599,1
3600,9
3601,5
3602,7
3603,19
3604,5
3605,5
3606,4
3607,11
3608,9
3609,13
3610,13
3611,1
3612,1
3613,8
3614,5
3615,12
3616,8
3617,7
3618,2
3619,13
3620,7
3621,14
3622,2
3623,15
3624,12
3625,13
3626,15
3627,1
3628,8
3629,13
3630,5
3631,4
3632,1
3633,2
3634,19
3635,9
3636,12
3637,3
3638,9
3639,7
3640,8
3641,2
3642,14
3643,12
3644,3
3645,10
3646,4
3647,8
3648,12
3649,8
3650,2
3651,4
3652,4
3653,8
3654,4
3655,15
3656,9
3657,3
3658,5
3659,1
3660,13
3661,8
3662,17
3663,7
3664,7
3665,8
3666,14
3667,11
3668,8
3669,12
3670,12
3671,4
3672,3
3673,13
3674,7
3675,16
3676,1
3677,14
3678,9
3679,8
3680,2
3681,5
3682,1
3683,2
3684,2
3685,20
3686,1
3687,14
3688,4
3689,6
3690,1
3691,5
3692,2
3693,24
3694,7
3695,4
3696,7
3697,5
3698,6
3699,18
3700,7
3701,4
3702,9
3703,10
3704,1
3705,4
3706,11
3707,13
3708,11
3709,6
3710,2
3711,6
3712,5
3713,15
3714,3
3715,5
3716,17
3717,18
3718,9
3719,8
3720,3
3721,4
3722,1
3723,1
3724,11
3725,20
3726,13
3727,23
3728,10
3729,13
3730,13
3731,6
3732,15
3733,2
3734,9
3735,17
3736,5
3737,6
3738,6
3739,2
3740,25
3741,5
3742,16
3743,2
3744,4
3745,21
3746,1
3747,4
3748,28
3749,2
3750,5
3751,4
3752,14
3753,2
3754,5
3755,8
3756,2
3757,3
3758,16
3759,7
3760,10
3761,2
3762,3
3763,3
3764,6
3765,5
3766,9
3767,16
3768,17
3769,13
3770,6
3771,11
3772,2
3773,9
3774,4
3775,8
3776,18
3777,2
3778,1
3779,10
3780,21
3781,12
3782,21
3783,8
3784,11
3785,1
3786,4
3787,7
3788,13
3789,1
3790,8
3791,5
3792,7
3793,5
3794,8
3795,11
3796,4
3797,7
3798,5
3799,15
3800,16
3801,23
3802,7
3803,12
3804,1
3805,17
3806,3
3807,1
3808,14
3809,29
3810,14
3811,5
3812,17
3813,3
3814,27
3815,4
3816,10
3817,6
3818,12
3819,6
3820,4
3821,3
3822,4
3823,11
3824,2
3825,16
3826,22
3827,12
3828,9
3829,10
3830,7
3831,15
3832,1
3833,3
3834,4
3835,21
3836,11
3837,12
3838,27
3839,1
3840,23
3841,2
3842,12
3843,6
3844,12
3845,7
3846,6
3847,4
3848,4
3849,4
3850,8
3851,1
3852,1
3853,2
3854,4
3855,6
3856,3
3857,10
3858,11
3859,16
3860,8
3861,7
3862,2
3863,13
3864,6
3865,8
3866,1
3867,17
3868,8
3869,20
3870,6
3871,1
3872,7
3873,6
3874,2
3875,2
3876,9
3877,5
3878,27
3879,1
3880,8
3881,16
3882,9
3883,8
3884,19
3885,1
3886,10
3887,10
3888,8
3889,4
3890,10
3891,8
3892,16
3893,2
3894,11
3895,15
3896,5
3897,10
3898,25
3899,12
3900,11
3901,1
3902,14
3903,8
3904,6
3905,10
3906,16
3907,5
3908,3
3909,9
3910,5
3911,5
3912,4
3913,4
3914,11
3915,3
3916,4
3917,16
3918,2
3919,10
3920,12
3921,2
3922,8
3923,2
3924,13
3925,14
3926,6
3927,10
3928,8
3929,2
3930,8
3931,10
3932,2
3933,17
3934,10
3935,11
3936,5
3937,20
3938,12
3939,1
3940,2
3941,11
3942,6
3943,5
3944,19
3945,4
3946,2
3947,8
3948,11
3949,14
3950,9
3951,16
3952,10
3953,1
3954,24
3955,15
3956,10
3957,3
3958,3
3959,1
3960,12
3961,23
3962,22
3963,4
3964,7
3965,1
3966,1
3967,5
3968,7
3969,7
3970,11
3971,17
3972,11
3973,11
3974,1
3975,10
3976,3
3977,1
3978,6
3979,14
3980,15
3981,7
3982,2
3983,1
3984,2
3985,12
3986,15
3987,6
3988,14
3989,13
3990,21
3991,2
3992,10
3993,3
3994,8
3995,12
3996,13
3997,11
3998,3
3999,12
4000,12
4001,5
4002,19
4003,4
4004,3
4005,16
4006,9
4007,7
4008,23
4009,9
4010,15
4011,5
4012,11
4013,23
4014,17
4015,10
4016,7
4017,8
4018,21
4019,23
4020,10
4021,9
4022,13
4023,6
4024,13
4025,11
4026,10
4027,8
4028,16
4029,11
4030,14
4031,13
4032,14
4033,18
4034,3
4035,13
4036,18
4037,2
4038,12
4039,17
4040,10
4041,6
4042,5
4043,9
4044,13
4045,11
4046,3
4047,15
4048,6
4049,7
4050,17
4051,19
4052,6
4053,13
4054,2
4055,17
4056,14
4057,6
4058,8
4059,3
4060,22
4061,29
4062,4
4063,4
4064,8
4065,2
4066,4
4067,21
4068,11
4069,1
4070,10
4071,1
4072,10
4073,8
4074,9
4075,4
4076,14
4077,8
4078,23
4079,8
4080,6
4081,16
4082,3
4083,2
4084,14
4085,11
4086,14
4087,14
4088,2
4089,25
4090,4
4091,16
4092,2
4093,8
4094,14
4095,8
4096,5
4097,10
4098,10
4099,4
4100,12
4101,2
4102,14
4103,11
4104,10
4105,13
4106,8
4107,3
4108,3
4109,10
4110,3
4111,4
4112,22
4113,17
4114,7
4115,6
4116,6
4117,9
4118,9
4119,20
4120,7
4121,18
4122,1
4123,8
4124,17
4125,5
4126,6
4127,3
4128,15
4129,13
4130,2
4131,5
4132,7
4133,17
4134,3
4135,4
4136,4
4137,5
4138,1
4139,8
4140,5
4141,4
4142,9
4143,5
4144,7
4145,13
4146,5
4147,1
4148,4
4149,2
4150,9
4151,3
4152,16
4153,6
4154,20
4155,6
4156,8
4157,9
4158,2
4159,15
4160,16
4161,11
4162,3
4163,4
4164,6
4165,8
4166,10
4167,7
4168,3
4169,7
4170,14
4171,11
4172,15
4173,9
4174,4
4175,8
4176,14
4177,4
4178,3
4179,15
4180,4
4181,5
4182,18
4183,12
4184,1
4185,5
4186,2
4187,10
4188,18
4189,9
4190,1
4191,5
4192,14
4193,13
4194,4
4195,7
4196,3
4197,9
4198,4
4199,18
4200,5
4201,2
4202,14
4203,8
4204,14
4205,14
4206,28
4207,10
4208,18
4209,14
4210,8
4211,2
4212,26
4213,7
4214,5
4215,7
4216,1
4217,7
4218,7
4219,8
4220,11
4221,9
4222,9
4223,16
4224,9
4225,12
4226,9
4227,9
4228,6
4229,12
4230,2
4231,14
4232,11
4233,5
4234,7
4235,40
4236,16
4237,6
4238,3
4239,15
4240,17
4241,4
4242,4
4243,35
4244,5
4245,3
4246,2
4247,13
4248,2
4249,18
4250,3
4251,9
4252,3
4253,8
4254,4
4255,7
4256,10
4257,8
4258,2
4259,6
4260,16
4261,16
4262,20
4263,22
4264,14
4265,3
4266,1
4267,8
4268,5
4269,10
4270,10
4271,15
4272,20
4273,1
4274,16
4275,35
4276,5
4277,16
4278,6
4279,4
4280,17
4281,7
4282,5
4283,7
4284,14
4285,3
4286,16
4287,4
4288,10
4289,2
4290,16
4291,2
4292,8
4293,1
4294,12
4295,12
4296,28
4297,1
4298,2
4299,8
4300,6
4301,2
4302,6
4303,4
4304,24
4305,14
4306,7
4307,12
4308,4
4309,23
4310,9
4311,2
4312,3
4313,4
4314,7
4315,7
4316,2
4317,3
4318,10
4319,5
4320,9
4321,24
4322,5
4323,1
4324,16
4325,7
4326,11
4327,8
4328,19
4329,14
4330,15
4331,3
4332,11
4333,25
4334,5
4335,17
4336,6
4337,3
4338,6
4339,5
4340,7
4341,12
4342,11
4343,5
4344,3
4345,8
4346,16
4347,6
4348,8
4349,3
4350,1
4351,7
4352,6
4353,11
4354,7
4355,5
4356,13
4357,2
4358,12
4359,12
4360,2
4361,8
4362,10
4363,13
4364,16
4365,6
4366,11
4367,12
4368,11
4369,8
4370,21
4371,18
4372,5
4373,12
4374,12
4375,12
4376,20
4377,7
4378,4
4379,13
4380,3
4381,11
4382,9
4383,8
4384,20
4385,6
4386,2
4387,15
4388,3
4389,5
4390,4
4391,5
4392,4
4393,15
4394,5
4395,4
4396,6
4397,4
4398,4
4399,14
4400,1
4401,12
4402,9
4403,5
4404,1
4405,6
4406,4
4407,3
4408,4
4409,6
4410,1
4411,8
4412,21
4413,3
4414,7
4415,7
4416,12
4417,7
4418,4
4419,1
4420,12
4421,13
4422,20
4423,6
4424,3
4425,7
4426,9
4427,8
4428,16
4429,3
4430,5
4431,12
4432,3
4433,7
4434,7
4435,5
4436,7
4437,7
4438,8
4439,2
4440,14
4441,14
4442,5
4443,6
4444,25
4445,4
4446,1
4447,4
4448,12
4449,15
4450,14
4451,11
4452,3
4453,29
4454,27
4455,13
4456,21
4457,28
4458,25
4459,8
4460,4
4461,9
4462,10
4463,15
4464,4
4465,5
4466,14
4467,3
4468,26
4469,2
4470,22
4471,12
4472,5
4473,10
4474,1
4475,9
4476,9
4477,17
4478,2
4479,23
4480,32
4481,12
4482,5
4483,7
4484,4
4485,11
4486,11
4487,9
4488,15
4489,10
4490,10
4491,15
4492,13
4493,23
4494,1
4495,6
4496,7
4497,9
4498,3
4499,11
4500,9
4501,18
4502,14
4503,1
4504,4
4505,16
4506,14
4507,7
4508,23
4509,10
4510,10
4511,23
4512,40
4513,32
4514,28
4515,11
4516,2
4517,41
4518,6
4519,8
4520,1
4521,10
4522,9
4523,4
4524,1
4525,25
4526,5
4527,19
4528,6
4529,4
4530,5
4531,14
4532,15
4533,11
4534,6
4535,6
4536,7
4537,6
4538,11
4539,2
4540,17
4541,11
4542,1
4543,1
4544,3
4545,23
4546,9
4547,10
4548,21
4549,12
4550,30
4551,7
4552,4
4553,6
4554,4
4555,26
4556,24
4557,2
4558,1
4559,2
4560,20
4561,1
4562,23
4563,5
4564,2
4565,1
4566,1
4567,15
4568,33
4569,10
4570,11
4571,11
4572,18
4573,33
4574,2
4575,14
4576,13
4577,21
4578,10
4579,14
4580,4
4581,4
4582,5
4583,3
4584,21
4585,4
4586,16
4587,6
4588,12
4589,6
4590,7
4591,2
4592,9
4593,6
4594,4
4595,17
4596,2
4597,20
4598,17
4599,8
4600,20
4601,2
4602,6
4603,9
4604,13
4605,18
4606,10
4607,21
4608,16
4609,21
4610,6
4611,9
4612,5
4613,17
4614,13
4615,4
4616,2
4617,2
4618,4
4619,5
4620,12
4621,5
4622,19
4623,8
4624,8
4625,22
4626,15
4627,8
4628,13
4629,25
4630,9
4631,7
4632,14
4633,5
4634,24
4635,10
4636,12
4637,9
4638,12
4639,16
4640,11
4641,7
4642,2
4643,9
4644,6
4645,15
4646,3
4647,18
4648,14
4649,12
4650,13
4651,9
4652,23
4653,1
4654,14
4655,26
4656,19
4657,7
4658,5
4659,13
4660,25
4661,2
4662,6
4663,17
4664,13
4665,7
4666,6
4667,9
4668,7
4669,7
4670,7
4671,13
4672,1
4673,1
4674,19
4675,30
4676,11
4677,33
4678,21
4679,2
4680,2
4681,16
4682,2
4683,14
4684,9
4685,7
4686,21
4687,22
4688,2
4689,1
4690,15
4691,20
4692,9
4693,17
4694,19
4695,8
4696,1
4697,12
4698,15
4699,25
4700,23
4701,22
4702,9
4703,2
4704,15
4705,9
4706,1
4707,17
4708,6
4709,1
4710,9
4711,5
4712,1
4713,7
4714,5
4715,20
4716,24
4717,22
4718,26
4719,7
4720,8
4721,18
4722,6
4723,1
4724,8
4725,20
4726,10
4727,5
4728,19
4729,1
4730,55
4731,20
4732,27
4733,10
4734,7
4735,8
4736,5
4737,3
4738,13
4739,1
4740,10
4741,6
4742,13
4743,1
4744,9
4745,8
4746,17
4747,12
4748,25
4749,11
4750,15
4751,2
4752,2
4753,2
4754,9
4755,3
4756,25
4757,25
4758,13
4759,2
4760,13
4761,6
4762,5
4763,6
4764,7
4765,11
4766,8
4767,6
4768,31
4769,15
4770,27
4771,13
4772,7
4773,12
4774,13
4775,2
4776,17
4777,8
4778,7
4779,13
4780,10
4781,23
4782,13
4783,4
4784,13
4785,22
4786,1
4787,2
4788,4
4789,15
4790,21
4791,11
4792,12
4793,7
4794,15
4795,19
4796,13
4797,2
4798,5
4799,19
4800,14
4801,7
4802,27
4803,12
4804,35
4805,7
4806,20
4807,26
4808,22
4809,13
4810,13
4811,28
4812,2
4813,7
4814,12
4815,19
4816,9
4817,11
4818,5
4819,6
4820,2
4821,12
4822,10
4823,6
4824,8
4825,34
4826,26
4827,1
4828,49
4829,6
4830,27
4831,5
4832,18
4833,1
4834,2
4835,7
4836,11
4837,10
4838,8
4839,7
4840,14
4841,22
4842,10
4843,5
4844,25
4845,8
4846,7
4847,9
4848,7
4849,31
4850,5
4851,8
4852,12
4853,9
4854,6
4855,2
4856,6
4857,18
4858,23
4859,16
4860,7
4861,13
4862,6
4863,13
4864,8
4865,3
4866,15
4867,3
4868,22
4869,3
4870,6
4871,11
4872,35
4873,8
4874,20
4875,16
4876,17
4877,3
4878,5
4879,25
4880,2
4881,1
4882,18
4883,10
4884,1
4885,6
4886,1
4887,6
4888,18
4889,20
4890,3
4891,8
4892,21
4893,2
4894,29
4895,22
4896,17
4897,14
4898,22
4899,1
4900,6
4901,11
4902,6
4903,22
4904,12
4905,5
4906,7
4907,1
4908,6
4909,8
4910,19
4911,20
4912,8
4913,2
4914,7
4915,9
4916,8
4917,10
4918,13
4919,5
4920,10
4921,10
4922,7
4923,5
4924,26
4925,17
4926,6
4927,24
4928,7
4929,1
4930,3
4931,13
4932,23
4933,8
4934,10
4935,32
4936,6
4937,7
4938,5
4939,29
4940,13
4941,15
4942,17
4943,16
4944,20
4945,10
4946,15
4947,4
4948,14
4949,16
4950,6
4951,10
4952,9
4953,17
4954,11
4955,8
4956,16
4957,3
4958,1
4959,5
4960,6
4961,25
4962,11
4963,5
4964,14
4965,17
4966,4
4967,11
4968,14
4969,4
4970,9
4971,5
4972,11
4973,5
4974,5
4975,25
4976,7
4977,4
4978,16
4979,1
4980,21
4981,2
4982,6
4983,1
4984,7
4985,8
4986,2
4987,19
4988,2
4989,16
4990,13
4991,1
4992,12
4993,2
4994,6
4995,23
4996,15
4997,5
4998,14
4999,15
5000,28
5001,4
5002,4
5003,29
5004,15
5005,14
5006,15
5007,25
5008,13
5009,3
5010,3
5011,1
5012,13
5013,1
5014,35
5015,16
5016,6
5017,9
5018,18
5019,7
5020,3
5021,10
5022,11
5023,4
5024,1
5025,4
5026,1
5027,6
5028,1
5029,21
5030,18
5031,19
5032,1
5033,8
5034,14
5035,3
5036,12
5037,14
5038,9
5039,19
5040,2
5041,8
5042,1
5043,5
5044,14
5045,10
5046,13
5047,12
5048,17
5049,4
5050,20
5051,7
5052,7
5053,2
5054,18
5055,4
5056,2
5057,24
5058,2
5059,15
5060,12
5061,3
5062,23
5063,24
5064,3
5065,15
5066,9
5067,7
5068,3
5069,1
5070,7
5071,4
5072,8
5073,9
5074,11
5075,2
5076,14
5077,6
5078,23
5079,20
5080,12
5081,10
5082,2
5083,18
5084,6
5085,7
5086,3
5087,9
5088,3
5089,4
5090,7
5091,1
5092,9
5093,5
5094,6
5095,8
5096,15
5097,3
5098,14
5099,9
5100,7
5101,3
5102,5
5103,1
5104,4
5105,6
5106,4
5107,10
5108,4
5109,8
5110,5
5111,16
5112,5
5113,10
5114,3
5115,1
5116,1
5117,12
5118,7
5119,8
5120,1
5121,9
5122,3
5123,10
5124,6
5125,5
5126,4
5127,15
5128,7
5129,19
5130,7
5131,5
5132,3
5133,16
5134,2
5135,7
5136,12
5137,1
5138,7
5139,20
5140,3
5141,4
5142,6
5143,2
5144,7
5145,1
5146,17
5147,2
5148,8
5149,12
5150,8
5151,10
5152,5
5153,1
5154,11
5155,10
5156,6
5157,8
5158,10
5159,9
5160,9
5161,14
5162,9
5163,2
5164,5
5165,3
5166,21
5167,9
5168,10
5169,13
5170,5
5171,12
5172,8
5173,12
5174,4
5175,2
5176,2
5177,13
5178,17
5179,9
5180,12
5181,1
5182,6
5183,8
5184,16
5185,7
5186,6
5187,11
5188,7
5189,10
5190,5
5191,6
5192,13
5193,9
5194,3
5195,9
5196,3
5197,16
5198,8
5199,6
5200,1
5201,6
5202,10
5203,5
5204,2
5205,8
5206,16
5207,9
5208,1
5209,2
5210,17
5211,7
5212,3
5213,19
5214,1
5215,1
5216,1
5217,6
5218,3
5219,8
5220,10
5221,3
5222,2
5223,4
5224,1
5225,14
5226,5
5227,18
5228,6
5229,5
5230,8
5231,4
5232,3
5233,10
5234,10
5235,7
5236,15
5237,10
5238,9
5239,4
5240,9
5241,7
5242,16
5243,15
5244,5
5245,2
5246,3
5247,16
5248,16
5249,2
5250,5
5251,8
5252,6
5253,5
5254,22
5255,4
5256,12
5257,16
5258,13
5259,5
5260,12
5261,3
5262,10
5263,13
5264,23
5265,3
5266,19
5267,6
5268,15
5269,3
5270,5
5271,4
5272,18
5273,15
5274,10
5275,5
5276,21
5277,11
5278,1
5279,20
5280,9
5281,16
5282,12
5283,1
5284,2
5285,3
5286,15
5287,6
5288,5
5289,9
5290,10
5291,7
5292,11
5293,22
5294,2
5295,9
5296,1
5297,12
5298,18
5299,10
5300,7
5301,8
5302,5
5303,5
5304,2
5305,11
5306,9
5307,14
5308,4
5309,12
5310,6
5311,5
5312,17
5313,15
5314,5
5315,10
5316,14
5317,11
5318,16
5319,14
5320,9
5321,3
5322,9
5323,29
5324,7
5325,10
5326,11
5327,9
5328,18
5329,14
5330,10
5331,10
5332,1
5333,8
5334,8
5335,6
5336,7
5337,6
5338,2
5339,12
5340,7
5341,2
5342,7
5343,3
5344,7
5345,17
5346,13
5347,8
5348,5
5349,7
5350,21
5351,14
5352,1
5353,19
5354,9
5355,17
5356,13
5357,24
5358,11
5359,5
5360,13
5361,14
5362,14
5363,21
5364,3
5365,14
5366,3
5367,17
5368,8
5369,15
5370,1
5371,10
5372,16
5373,5
5374,3
5375,2
5376,11
5377,8
5378,10
5379,12
5380,31
5381,9
5382,14
5383,2
5384,13
5385,2
5386,6
5387,14
5388,10
5389,12
5390,8
5391,8
5392,5
5393,7
5394,1
5395,4
5396,2
5397,7
5398,2
5399,9
5400,5
5401,8
5402,18
5403,2
5404,8
5405,6
5406,13
5407,1
5408,6
5409,6
5410,9
5411,8
5412,14
5413,1
5414,2
5415,1
5416,2
5417,10
5418,29
5419,20
5420,1
5421,3
5422,18
5423,8
5424,8
5425,19
5426,17
5427,19
5428,4
5429,3
5430,17
5431,7
5432,3
5433,3
5434,10
5435,14
5436,16
5437,1
5438,12
5439,5
5440,14
5441,11
5442,11
5443,2
5444,10
5445,4
5446,4
5447,29
5448,1
5449,11
5450,2
5451,9
5452,1
5453,8
5454,1
5455,1
5456,25
5457,2
5458,20
5459,7
5460,11
5461,10
5462,13
5463,13
5464,3
5465,12
5466,7
5467,9
5468,3
5469,7
5470,34
5471,7
5472,1
5473,18
5474,6
5475,17
5476,5
5477,18
5478,4
5479,1
5480,1
5481,16
5482,18
5483,10
5484,16
5485,27
5486,11
5487,10
5488,9
5489,8
5490,21
5491,24
5492,13
5493,8
5494,13
5495,4
5496,15
5497,1
5498,13
5499,30
5500,3
5501,5
5502,7
5503,21
5504,6
5505,8
5506,1
5507,18
5508,6
5509,30
5510,17
5511,12
5512,13
5513,12
5514,9
5515,5
5516,1
5517,2
5518,17
5519,3
5520,10
5521,14
5522,9
5523,9
5524,20
5525,15
5526,5
5527,1
5528,21
5529,9
5530,12
5531,7
5532,1
5533,16
5534,12
5535,21
5536,21
5537,8
5538,8
5539,6
5540,2
5541,9
5542,2
5543,18
5544,3
5545,23
5546,15
5547,5
5548,6
5549,21
5550,9
5551,4
5552,24
5553,6
5554,3
5555,15
5556,3
5557,26
5558,16
5559,5
5560,5
5561,8
5562,16
5563,13
5564,24
5565,8
5566,8
5567,19
5568,7
5569,20
5570,7
5571,2
5572,4
5573,27
5574,9
5575,5
5576,16
5577,1
5578,2
5579,4
5580,3
5581,7
5582,1
5583,23
5584,9
5585,7
5586,4
5587,6
5588,10
5589,13
5590,9
5591,3
5592,5
5593,13
5594,16
5595,16
5596,13
5597,18
5598,15
5599,12
5600,1
5601,8
5602,14
5603,6
5604,13
5605,6
5606,16
5607,3
5608,8
5609,7
5610,2
5611,13
5612,18
5613,14
5614,13
5615,8
5616,14
5617,3
5618,7
5619,9
5620,1
5621,1
5622,9
5623,18
5624,17
5625,12
5626,1
5627,18
5628,14
5629,15
5630,8
5631,6
5632,10
5633,7
5634,12
5635,3
5636,5
5637,17
5638,7
5639,6
5640,14
5641,1
5642,21
5643,8
5644,7
5645,30
5646,1
5647,3
5648,3
5649,12
5650,19
5651,19
5652,5
5653,9
5654,15
5655,10
5656,9
5657,10
5658,11
5659,28
5660,13
5661,12
5662,1
5663,6
5664,15
5665,9
5666,16
5667,24
5668,15
5669,3
5670,5
5671,7
5672,17
5673,8
5674,2
5675,2
5676,7
5677,9
5678,3
5679,8
5680,7
5681,4
5682,6
5683,6
5684,14
5685,16
5686,8
5687,7
5688,10
5689,4
5690,31
5691,8
5692,10
5693,3
5694,15
5695,12
5696,5
5697,21
5698,7
5699,13
5700,12
5701,15
5702,20
5703,23
5704,18
5705,5
5706,1
5707,17
5708,11
5709,19
5710,16
5711,10
5712,2
5713,4
5714,14
5715,17
5716,7
5717,5
5718,16
5719,10
5720,5
5721,1
5722,17
5723,7
5724,6
5725,24
5726,1
5727,11
5728,8
5729,3
5730,2
5731,14
5732,4
5733,7
5734,15
5735,9
5736,4
5737,11
5738,28
5739,18
5740,4
5741,19
5742,3
5743,9
5744,1
5745,11
5746,4
5747,9
5748,24
5749,2
5750,6
5751,9
5752,20
5753,11
5754,2
5755,12
5756,16
5757,12
5758,3
5759,14
5760,1
5761,3
5762,12
5763,1
5764,8
5765,21
5766,5
5767,9
5768,8
5769,13
5770,14
5771,6
5772,14
5773,8
5774,7
5775,7
5776,5
5777,5
5778,7
5779,9
5780,12
5781,25
5782,15
5783,5
5784,8
5785,12
5786,10
5787,12
5788,22
5789,2
5790,14
5791,7
5792,14
5793,1
5794,1
5795,8
5796,8
5797,21
5798,14
5799,6
5800,4
5801,8
5802,5
5803,13
5804,5
5805,6
5806,24
5807,5
5808,5
5809,1
5810,10
5811,14
5812,7
5813,15
5814,16
5815,16
5816,3
5817,3
5818,40
5819,2
5820,22
5821,6
5822,21
5823,1
5824,9
5825,10
5826,4
5827,5
5828,3
5829,6
5830,10
5831,2
5832,5
5833,7
5834,26
5835,3
5836,1
5837,9
5838,10
5839,17
5840,3
5841,12
5842,1
5843,15
5844,13
5845,5
5846,14
5847,16
5848,1
5849,13
5850,12
5851,6
5852,14
5853,16
5854,8
5855,14
5856,17
5857,2
5858,18
5859,11
5860,2
5861,13
5862,27
5863,15
5864,20
5865,13
5866,4
5867,7
5868,2
5869,19
5870,1
5871,4
5872,1
5873,6
5874,9
5875,11
5876,8
5877,2
5878,4
5879,8
5880,1
5881,3
5882,7
5883,15
5884,11
5885,18
5886,8
5887,8
5888,3
5889,1
5890,10
5891,12
5892,1
5893,8
5894,7
5895,2
5896,12
5897,8
5898,9
5899,8
5900,10
5901,7
5902,10
5903,7
5904,7
5905,8
5906,15
5907,2
5908,11
5909,5
5910,1
5911,1
5912,10
5913,19
5914,28
5915,2
5916,20
5917,30
5918,15
5919,3
5920,17
5921,4
5922,17
5923,1
5924,2
5925,1
5926,1
5927,5
5928,10
5929,9
5930,6
5931,7
5932,16
5933,6
5934,5
5935,27
5936,18
5937,17
5938,17
5939,7
5940,8
5941,15
5942,6
5943,1
5944,11
5945,6
5946,14
5947,5
5948,12
5949,7
5950,8
5951,2
5952,6
5953,10
5954,9
5955,10
5956,9
5957,4
5958,6
5959,15
5960,9
5961,9
5962,5
5963,5
5964,1
5965,19
5966,8
5967,10
5968,5
5969,5
5970,8
5971,9
5972,11
5973,8
5974,6
5975,6
5976,9
5977,9
5978,8
5979,7
5980,20
5981,6
5982,14
5983,7
5984,4
5985,14
5986,10
5987,4
5988,18
5989,11
5990,2
5991,12
5992,4
5993,6
5994,7
5995,1
5996,9
5997,17
5998,17
5999,11
6000,5
6001,1
6002,12
6003,5
6004,11
6005,7
6006,6
6007,4
6008,16
6009,6
6010,5
6011,8
6012,8
6013,5
6014,3
6015,9
6016,14
6017,11
6018,5
6019,15
6020,3
6021,19
6022,10
6023,5
6024,8
6025,11
6026,11
6027,6
6028,12
6029,5
6030,7
6031,17
6032,12
6033,3
6034,7
6035,1
6036,15
6037,7
6038,9
6039,11
6040,9
6041,17
6042,2
6043,2
6044,4
6045,10
6046,4
6047,15
6048,3
6049,3
6050,12
6051,3
6052,4
6053,28
6054,6
6055,20
6056,8
6057,13
6058,4
6059,17
6060,14
6061,12
6062,9
6063,3
6064,3
6065,7
6066,2
6067,3
6068,7
6069,6
6070,9
6071,6
6072,2
6073,17
6074,11
6075,7
6076,1
6077,8
6078,3
6079,4
6080,12
6081,1
6082,13
6083,3
6084,7
6085,10
6086,4
6087,1
6088,8
6089,13
6090,1
6091,8
6092,17
6093,7
6094,9
6095,8
6096,4
6097,5
6098,15
6099,6
6100,1
6101,2
6102,16
6103,1
6104,6
6105,14
6106,11
6107,6
6108,2
6109,7
6110,8
6111,3
6112,4
6113,3
6114,4
6115,4
6116,8
6117,13
6118,9
6119,1
6120,7
6121,2
6122,12
6123,9
6124,2
6125,8
6126,5
6127,10
6128,13
6129,12
6130,11
6131,10
6132,3
6133,6
6134,14
6135,13
6136,4
6137,19
6138,2
6139,5
6140,2
6141,11
6142,4
6143,6
6144,10
6145,13
6146,24
6147,3
6148,15
6149,16
6150,4
6151,4
6152,2
6153,8
6154,11
6155,9
6156,5
6157,4
6158,2
6159,10
6160,15
6161,16
6162,4
6163,5
6164,2
6165,5
6166,6
6167,2
6168,10
6169,6
6170,2
6171,8
6172,8
6173,4
6174,15
6175,4
6176,12
6177,11
6178,1
6179,8
6180,6
6181,7
6182,4
6183,6
6184,21
6185,22
6186,7
6187,1
6188,7
6189,11
6190,2
6191,19
6192,9
6193,8
6194,8
6195,4
6196,8
6197,7
6198,10
6199,13
6200,27
6201,6
6202,8
6203,9
6204,16
6205,9
6206,10
6207,8
6208,7
6209,11
6210,10
6211,13
6212,5
6213,14
6214,11
6215,15
6216,3
6217,4
6218,7
6219,2
6220,15
6221,5
6222,4
6223,6
6224,2
6225,2
6226,6
6227,4
6228,4
6229,8
6230,2
6231,10
6232,2
6233,18
6234,9
6235,1
6236,9
6237,8
6238,13
6239,5
6240,6
6241,15
6242,12
6243,15
6244,7
6245,14
6246,8
6247,17
6248,1
6249,2
6250,3
6251,7
6252,16
6253,10
6254,10
6255,4
6256,8
6257,20
6258,6
6259,5
6260,19
6261,12
6262,9
6263,3
6264,6
6265,8
6266,4
6267,8
6268,9
6269,2
6270,11
6271,4
6272,1
6273,8
6274,5
6275,11
6276,2
6277,10
6278,4
6279,3
6280,12
6281,3
6282,5
6283,7
6284,13
6285,6
6286,6
6287,17
6288,9
6289,4
6290,6
6291,4
6292,5
6293,3
6294,5
6295,4
6296,18
6297,1
6298,10
6299,5
6300,12
6301,15
6302,10
6303,18
6304,15
6305,4
6306,16
6307,6
6308,7
6309,11
6310,3
6311,10
6312,4
6313,6
6314,4
6315,20
6316,1
6317,9
6318,3
6319,10
6320,5
6321,8
6322,20
6323,8
6324,5
6325,11
6326,19
6327,2
6328,3
6329,13
6330,2
6331,3
6332,9
6333,3
6334,23
6335,7
6336,4
6337,8
6338,29
6339,13
6340,13
6341,4
6342,9
6343,1
6344,19
6345,7
6346,6
6347,3
6348,2
6349,4
6350,11
6351,14
6352,3
6353,24
6354,3
6355,1
6356,8
6357,1
6358,2
6359,17
6360,6
6361,11
6362,4
6363,2
6364,9
6365,4
6366,1
6367,2
6368,6
6369,3
6370,7
6371,7
6372,1
6373,6
6374,9
6375,5
6376,4
6377,7
6378,6
6379,15
6380,5
6381,4
6382,8
6383,19
6384,1
6385,2
6386,8
6387,5
6388,4
6389,9
6390,2
6391,11
6392,11
6393,2
6394,1
6395,2
6396,8
6397,4
6398,7
6399,6
6400,2
6401,8
6402,9
6403,9
6404,2
6405,10
6406,6
6407,11
6408,19
6409,17
6410,1
6411,11
6412,15
6413,1
6414,7
6415,11
6416,5
6417,4
6418,8
6419,9
6420,12
6421,6
6422,8
6423,18
6424,20
6425,2
6426,10
6427,10
6428,7
6429,5
6430,14
6431,11
6432,9
6433,20
6434,7
6435,7
6436,3
6437,24
6438,6
6439,10
6440,7
6441,10
6442,4
6443,1
6444,2
6445,2
6446,17
6447,6
6448,15
6449,4
6450,22
6451,2
6452,5
6453,10
6454,21
6455,8
6456,2
6457,4
6458,3
6459,29
6460,10
6461,6
6462,7
6463,12
6464,7
6465,10
6466,1
6467,11
6468,8
6469,3
6470,4
6471,7
6472,15
6473,9
6474,10
6475,21
6476,7
6477,14
6478,3
6479,3
6480,3
6481,13
6482,11
6483,19
6484,11
6485,13
6486,9
6487,5
6488,25
6489,4
6490,3
6491,13
6492,2
6493,28
6494,13
6495,14
6496,1
6497,1
6498,1
6499,17
6500,13
6501,3
6502,2
6503,6
6504,7
6505,9
6506,14
6507,6
6508,13
6509,5
6510,5
6511,8
6512,3
6513,1
6514,16
6515,18
6516,19
6517,7
6518,2
6519,12
6520,5
6521,2
6522,19
6523,12
6524,1
6525,9
6526,19
6527,10
6528,8
6529,14
6530,8
6531,21
6532,5
6533,3
6534,4
6535,13
6536,4
6537,2
6538,3
6539,2
6540,5
6541,1
6542,18
6543,2
6544,5
6545,14
6546,3
6547,4
6548,22
6549,7
6550,10
6551,5
6552,20
6553,11
6554,22
6555,1
6556,2
6557,15
6558,3
6559,6
6560,8
6561,16
6562,4
6563,6
6564,19
6565,2
6566,9
6567,4
6568,1
6569,13
6570,2
6571,7
6572,1
6573,14
6574,4
6575,1
6576,4
6577,14
6578,7
6579,4
6580,11
6581,7
6582,2
6583,8
6584,4
6585,4
6586,4
6587,6
6588,8
6589,12
6590,2
6591,3
6592,12
6593,4
6594,1
6595,5
6596,16
6597,5
6598,5
6599,12
6600,5
6601,6
6602,11
6603,15
6604,13
6605,14
6606,2
6607,7
6608,1
6609,6
6610,2
6611,2
6612,8
6613,6
6614,11
6615,11
6616,2
6617,7
6618,11
6619,3
6620,4
6621,1
6622,7
6623,9
6624,11
6625,17
6626,3
6627,8
6628,15
6629,4
6630,12
6631,10
6632,4
6633,3
6634,1
6635,20
6636,12
6637,11
6638,1
6639,2
6640,1
6641,11
6642,8
6643,13
6644,11
6645,9
6646,2
6647,2
6648,8
6649,24
6650,4
6651,17
6652,5
6653,8
6654,14
6655,10
6656,3
6657,16
6658,18
6659,7
6660,5
6661,13
6662,3
6663,3
6664,9
6665,1
6666,13
6667,1
6668,9
6669,13
6670,5
6671,9
6672,9
6673,1
6674,6
6675,2
6676,5
6677,1
6678,10
6679,4
6680,17
6681,2
6682,11
6683,4
6684,10
6685,17
6686,20
6687,20
6688,5
6689,7
6690,6
6691,13
6692,5
6693,11
6694,5
6695,26
6696,16
6697,10
6698,16
6699,3
6700,1
6701,1
6702,11
6703,5
6704,5
6705,17
6706,9
6707,4
6708,21
6709,5
6710,4
6711,6
6712,5
6713,4
6714,13
6715,9
6716,7
6717,1
6718,26
6719,5
6720,4
6721,10
6722,4
6723,4
6724,1
6725,2
6726,6
6727,6
6728,20
6729,13
6730,13
6731,1
6732,2
6733,9
6734,7
6735,9
6736,20
6737,2
6738,20
6739,8
6740,5
6741,1
6742,21
6743,4
6744,4
6745,3
6746,18
6747,9
6748,24
6749,6
6750,14
6751,8
6752,17
6753,6
6754,9
6755,1
6756,10
6757,4
6758,1
6759,9
6760,9
6761,7
6762,4
6763,9
6764,3
6765,2
6766,3
6767,1
6768,7
6769,3
6770,10
6771,1
6772,5
6773,8
6774,12
6775,7
6776,4
6777,3
6778,5
6779,2
6780,16
6781,7
6782,1
6783,3
6784,18
6785,6
6786,5
6787,21
6788,14
6789,10
6790,5
6791,1
6792,4
6793,10
6794,6
6795,2
6796,20
6797,3
6798,11
6799,9
6800,8
6801,11
6802,6
6803,9
6804,6
6805,10
6806,17
6807,2
6808,27
6809,12
6810,28
6811,4
6812,15
6813,3
6814,10
6815,11
6816,4
6817,18
6818,8
6819,1
6820,2
6821,8
6822,1
6823,9
6824,11
6825,1
6826,2
6827,7
6828,13
6829,18
6830,6
6831,3
6832,4
6833,5
6834,17
6835,3
6836,10
6837,7
6838,20
6839,17
6840,12
6841,7
6842,5
6843,14
6844,7
6845,11
6846,12
6847,5
6848,4
6849,8
6850,12
6851,10
6852,14
6853,7
6854,6
6855,13
6856,5
6857,7
6858,3
6859,13
6860,10
6861,6
6862,13
6863,7
6864,11
6865,14
6866,16
6867,3
6868,2
6869,9
6870,12
6871,7
6872,7
6873,2
6874,4
6875,11
6876,5
6877,9
6878,6
6879,5
6880,9
6881,9
6882,9
6883,1
6884,4
6885,1
6886,12
6887,2
6888,8
6889,4
6890,8
6891,15
6892,1
6893,3
6894,1
6895,10
6896,3
6897,2
6898,10
6899,3
6900,13
6901,8
6902,4
6903,13
6904,3
6905,13
6906,12
6907,14
6908,9
6909,8
6910,11
6911,18
6912,2
6913,4
6914,5
6915,27
6916,6
6917,3
6918,16
6919,17
6920,10
6921,2
6922,11
6923,9
6924,17
6925,9
6926,17
6927,9
6928,11
6929,13
6930,4
6931,6
6932,5
6933,2
6934,1
6935,7
6936,24
6937,2
6938,2
6939,20
6940,12
6941,17
6942,1
6943,6
6944,12
6945,10
6946,8
6947,17
6948,8
6949,2
6950,20
6951,1
6952,21
6953,4
6954,24
6955,12
6956,9
6957,13
6958,8
6959,19
6960,24
6961,5
6962,4
6963,7
6964,10
6965,3
6966,13
6967,8
6968,30
6969,12
6970,15
6971,5
6972,17
6973,16
6974,15
6975,17
6976,2
6977,16
6978,3
6979,6
6980,16
6981,12
6982,5
6983,16
6984,5
6985,12
6986,18
6987,16
6988,33
6989,16
6990,13
6991,2
6992,28
6993,2
6994,40
6995,17
6996,1
6997,14
6998,5
6999,12
7000,30
7001,9
7002,10
7003,6
7004,1
7005,8
7006,10
7007,26
7008,2
7009,8
7010,10
7011,15
7012,7
7013,7
7014,8
7015,11
7016,12
7017,19
7018,5
7019,4
7020,23
7021,13
7022,23
7023,1
7024,6
7025,15
7026,17
7027,10
7028,22
7029,9
7030,9
7031,1
7032,4
7033,3
7034,33
7035,13
7036,8
7037,9
7038,1
7039,16
7040,20
7041,6
7042,22
7043,22
7044,6
7045,21
7046,16
7047,22
7048,9
7049,11
7050,5
7051,14
7052,22
7053,12
7054,10
7055,16
7056,12
7057,16
7058,20
7059,23
7060,4
7061,8
7062,7
7063,13
7064,21
7065,8
7066,7
7067,2
7068,8
7069,5
7070,20
7071,1
7072,19
7073,9
7074,4
7075,2
7076,5
7077,10
7078,8
7079,16
7080,12
7081,3
7082,20
7083,3
7084,3
7085,1
7086,11
7087,7
7088,13
7089,3
7090,11
7091,4
7092,9
7093,7
7094,10
7095,12
7096,3
7097,5
7098,17
7099,1
7100,6
7101,9
7102,8
7103,6
7104,20
7105,8
7106,2
7107,8
7108,12
7109,1
7110,11
7111,11
7112,9
7113,10
7114,13
7115,5
7116,14
7117,2
7118,12
7119,17
7120,13
7121,7
7122,10
7123,3
7124,31
7125,4
7126,7
7127,2
7128,9
7129,17
7130,18
7131,2
7132,9
7133,6
7134,14
7135,14
7136,23
7137,9
7138,24
7139,5
7140,13
7141,16
7142,8
7143,6
7144,33
7145,5
7146,32
7147,5
7148,9
7149,6
7150,11
7151,3
7152,19
7153,10
7154,3
7155,20
7156,12
7157,6
7158,21
7159,14
7160,3
7161,11
7162,9
7163,3
7164,11
7165,14
7166,4
7167,12
7168,13
7169,4
7170,10
7171,15
7172,16
7173,13
7174,1
7175,26
7176,21
7177,13
7178,16
7179,8
7180,20
7181,19
7182,29
7183,8
7184,16
7185,6
7186,5
7187,2
7188,6
7189,11
7190,33
7191,11
7192,4
7193,20
7194,2
7195,7
7196,1
7197,10
7198,1
7199,3
7200,26
7201,11
7202,9
7203,27
7204,11
7205,40
7206,37
7207,17
7208,9
7209,14
7210,34
7211,4
7212,10
7213,34
7214,7
7215,10
7216,10
7217,18
7218,3
7219,13
7220,6
7221,18
7222,10
7223,15
7224,14
7225,3
7226,9
7227,8
7228,8
7229,11
7230,17
7231,16
7232,30
7233,28
7234,24
7235,25
7236,6
7237,23
7238,20
7239,3
7240,1
7241,8
7242,11
7243,14
7244,31
7245,7
7246,9
7247,23
7248,13
7249,1
7250,5
7251,10
7252,11
7253,15
7254,2
7255,2
7256,7
7257,20
7258,2
7259,10
7260,26
7261,4
7262,5
7263,11
7264,7
7265,20
7266,30
7267,14
7268,5
7269,9
7270,21
7271,7
7272,4
7273,22
7274,23
7275,12
7276,1
7277,29
7278,5
7279,4
7280,2
7281,19
7282,28
7283,16
7284,10
7285,8
7286,40
7287,2
7288,14
7289,10
7290,1
7291,5
7292,5
7293,9
7294,4
7295,6
7296,29
7297,9
7298,22
7299,3
7300,8
7301,1
7302,19
7303,21
7304,14
7305,24
7306,1
7307,10
7308,7
7309,9
7310,5
7311,9
7312,10
7313,10
7314,7
7315,2
7316,14
7317,5
7318,13
7319,21
7320,7
7321,2
7322,9
7323,14
7324,26
7325,7
7326,17
7327,11
7328,34
7329,28
7330,8
7331,2
7332,15
7333,17
7334,5
7335,3
7336,3
7337,11
7338,5
7339,3
7340,15
7341,14
7342,3
7343,12
7344,10
7345,3
7346,9
7347,26
7348,3
7349,10
7350,1
7351,5
7352,3
7353,9
7354,20
7355,10
7356,6
7357,20
7358,4
7359,12
7360,29
7361,14
7362,2
7363,16
7364,22
7365,15
7366,5
7367,4
7368,21
7369,24
7370,11
7371,2
7372,5
7373,8
7374,1
7375,2
7376,12
7377,5
7378,19
7379,10
7380,8
7381,12
7382,24
7383,19
7384,3
7385,16
7386,8
7387,9
7388,9
7389,14
7390,19
7391,9
7392,13
7393,5
7394,5
7395,10
7396,2
7397,13
7398,6
7399,2
7400,3
7401,26
7402,21
7403,19
7404,8
7405,24
7406,10
7407,16
7408,24
7409,21
7410,25
7411,8
7412,1
7413,20
7414,6
7415,3
7416,23
7417,3
7418,9
7419,29
7420,11
7421,2
7422,17
7423,28
7424,1
7425,19
7426,15
7427,22
7428,5
7429,4
7430,4
7431,9
7432,4
7433,3
7434,4
7435,9
7436,3
7437,4
7438,12
7439,1
7440,9
7441,8
7442,4
7443,7
7444,6
7445,5
7446,4
7447,8
7448,6
7449,7
7450,5
7451,1
7452,2
7453,17
7454,1
7455,2
7456,11
7457,5
7458,2
7459,10
7460,1
7461,1
7462,4
7463,10
7464,5
7465,2
7466,1
7467,5
7468,2
7469,8
7470,5
7471,4
7472,8
7473,12
7474,4
7475,7
7476,3
7477,10
7478,14
7479,25
7480,11
7481,11
7482,2
7483,11
7484,8
7485,6
7486,4
7487,15
7488,3
7489,4
7490,11
7491,6
7492,2
7493,19
7494,4
7495,13
7496,6
7497,14
7498,14
7499,1
7500,6
7501,3
7502,8
7503,3
7504,1
7505,14
7506,3
7507,5
7508,1
7509,6
7510,5
7511,3
7512,6
7513,11
7514,7
7515,2
7516,23
7517,13
7518,5
7519,14
7520,2
7521,10
7522,13
7523,6
7524,6
7525,9
7526,13
7527,2
7528,5
7529,2
7530,15
7531,3
7532,18
7533,4
7534,17
7535,14
7536,3
7537,11
7538,14
7539,7
7540,19
7541,5
7542,5
7543,21
7544,16
7545,5
7546,2
7547,4
7548,5
7549,8
7550,2
7551,4
7552,4
7553,11
7554,16
7555,3
7556,10
7557,4
7558,2
7559,4
7560,10
7561,2
7562,9
7563,13
7564,4
7565,10
7566,5
7567,19
7568,7
7569,7
7570,9
7571,12
7572,2
7573,9
7574,10
7575,14
7576,4
7577,8
7578,8
7579,3
7580,1
7581,5
7582,1
7583,7
7584,9
7585,3
7586,2
7587,1
7588,1
7589,7
7590,7
7591,3
7592,2
7593,15
7594,15
7595,2
7596,12
7597,7
7598,10
7599,10
7600,3
7601,6
7602,1
7603,15
7604,15
7605,2
7606,4
7607,7
7608,10
7609,10
7610,3
7611,2
7612,9
7613,8
7614,9
7615,13
7616,7
7617,12
7618,22
7619,3
7620,4
7621,4
7622,13
7623,2
7624,12
7625,16
7626,12
7627,6
7628,9
7629,6
7630,8
7631,13
7632,1
7633,2
7634,1
7635,9
7636,4
7637,1
7638,11
7639,20
7640,6
7641,1
7642,4
7643,1
7644,13
7645,20
7646,13
7647,5
7648,8
7649,7
7650,9
7651,6
7652,4
7653,8
7654,5
7655,3
7656,19
7657,2
7658,11
7659,6
7660,13
7661,9
7662,2
7663,5
7664,7
7665,4
7666,2
7667,2
7668,5
7669,9
7670,7
7671,15
7672,10
7673,9
7674,16
7675,14
7676,6
7677,6
7678,6
7679,10
7680,6
7681,10
7682,7
7683,8
7684,7
7685,9
7686,7
7687,3
7688,17
7689,21
7690,1
7691,3
7692,10
7693,3
7694,7
7695,12
7696,2
7697,1
7698,8
7699,5
7700,35
7701,10
7702,3
7703,7
7704,6
7705,17
7706,6
7707,8
7708,12
7709,6
7710,1
7711,2
7712,16
7713,5
7714,13
7715,5
7716,2
7717,3
7718,4
7719,7
7720,4
7721,5
7722,2
7723,8
7724,8
7725,5
7726,1
7727,16
7728,18
7729,2
7730,10
7731,5
7732,1
7733,16
7734,7
7735,7
7736,12
7737,5
7738,12
7739,3
7740,24
7741,5
7742,12
7743,3
7744,7
7745,3
7746,13
7747,6
7748,3
7749,11
7750,1
7751,15
7752,2
7753,13
7754,9
7755,11
7756,4
7757,3
7758,11
7759,6
7760,11
7761,4
7762,9
7763,9
7764,14
7765,9
7766,3
7767,4
7768,7
7769,4
7770,6
7771,1
7772,12
7773,2
7774,3
7775,2
7776,4
7777,9
7778,16
7779,2
7780,8
7781,27
7782,2
7783,12
7784,1
7785,10
7786,18
7787,8
7788,3
7789,7
7790,8
7791,3
7792,2
7793,7
7794,6
7795,13
7796,1
7797,5
7798,8
7799,3
7800,19
7801,1
7802,13
7803,6
7804,5
7805,5
7806,9
7807,1
7808,3
7809,6
7810,1
7811,4
7812,5
7813,7
7814,15
7815,1
7816,3
7817,6
7818,12
7819,5
7820,2
7821,11
7822,2
7823,26
7824,14
7825,8
7826,2
7827,12
7828,15
7829,13
7830,9
7831,5
7832,2
7833,8
7834,1
7835,8
7836,18
7837,5
7838,5
7839,7
7840,3
7841,9
7842,25
7843,8
7844,2
7845,1
7846,15
7847,1
7848,4
7849,3
7850,8
7851,6
7852,9
7853,6
7854,9
7855,5
7856,13
7857,8
7858,1
7859,6
7860,8
7861,3
7862,9
7863,6
7864,1
7865,13
7866,10
7867,8
7868,11
7869,1
7870,3
7871,5
7872,6
7873,7
7874,3
7875,3
7876,4
7877,5
7878,1
7879,6
7880,8
7881,16
7882,4
7883,7
7884,5
7885,9
7886,4
7887,10
7888,4
7889,2
7890,10
7891,6
7892,5
7893,21
7894,20
7895,12
7896,2
7897,29
7898,10
7899,7
7900,6
7901,6
7902,9
7903,15
7904,9
7905,10
7906,5
7907,1
7908,15
7909,11
7910,11
7911,11
7912,5
7913,1
7914,11
7915,8
7916,7
7917,15
7918,10
7919,17
7920,7
7921,29
7922,15
7923,16
7924,7
7925,6
7926,9
7927,4
7928,3
7929,3
7930,6
7931,16
7932,6
7933,4
7934,5
7935,10
7936,4
7937,12
7938,1
7939,5
7940,1
7941,7
7942,4
7943,5
7944,18
7945,16
7946,8
7947,3
7948,15
7949,6
7950,9
7951,9
7952,11
7953,1
7954,10
7955,4
7956,5
7957,14
7958,3
7959,6
7960,7
7961,7
7962,5
7963,4
7964,1
7965,10
7966,11
7967,6
7968,13
7969,1
7970,3
7971,13
7972,6
7973,21
7974,27
7975,7
7976,9
7977,18
7978,11
7979,2
7980,6
7981,7
7982,9
7983,2
7984,16
7985,14
7986,13
7987,7
7988,3
7989,5
7990,12
7991,8
7992,10
7993,13
7994,3
7995,15
7996,7
7997,14
7998,2
7999,12
8000,5
8001,13
8002,2
8003,7
8004,13
8005,8
8006,3
8007,7
8008,1
8009,10
8010,7
8011,23
8012,12
8013,17
8014,17
8015,8
8016,1
8017,3
8018,8
8019,7
8020,4
8021,5
8022,2
8023,3
8024,21
8025,19
8026,6
8027,2
8028,3
8029,17
8030,4
8031,3
8032,21
8033,1
8034,4
8035,8
8036,3
8037,19
8038,10
8039,2
8040,15
8041,8
8042,8
8043,3
8044,14
8045,12
8046,3
8047,4
8048,23
8049,27
8050,1
8051,23
8052,1
8053,16
8054,5
8055,13
8056,2
8057,4
8058,16
8059,5
8060,9
8061,2
8062,16
8063,8
8064,8
8065,3
8066,15
8067,6
8068,4
8069,8
8070,13
8071,2
8072,7
8073,2
8074,9
8075,11
8076,6
8077,15
8078,8
8079,14
8080,1
8081,16
8082,2
8083,8
8084,11
8085,4
8086,8
8087,24
8088,1
8089,10
8090,4
8091,15
8092,7
8093,1
8094,17
8095,1
8096,7
8097,10
8098,13
8099,10
8100,1
8101,12
8102,4
8103,3
8104,1
8105,6
8106,4
8107,6
8108,2
8109,1
8110,4
8111,3
8112,3
8113,22
8114,5
8115,3
8116,12
8117,22
8118,1
8119,4
8120,5
8121,10
8122,10
8123,5
8124,12
8125,4
8126,26
8127,5
8128,19
8129,1
8130,11
8131,6
8132,2
8133,7
8134,5
8135,2
8136,2
8137,3
8138,4
8139,9
8140,9
8141,2
8142,2
8143,3
8144,9
8145,9
8146,9
8147,2
8148,1
8149,1
8150,7
8151,1
8152,11
8153,3
8154,10
8155,12
8156,15
8157,13
8158,15
8159,9
8160,11
8161,9
8162,6
8163,8
8164,8
8165,7
8166,9
8167,12
8168,4
8169,17
8170,16
8171,23
8172,4
8173,6
8174,12
8175,4
8176,1
8177,3
8178,8
8179,17
8180,21
8181,19
8182,3
8183,16
8184,21
8185,2
8186,13
8187,11
8188,4
8189,1
8190,14
8191,12
8192,9
8193,6
8194,20
8195,2
8196,12
8197,19
8198,6
8199,15
8200,2
8201,4
8202,2
8203,20
8204,4
8205,9
8206,1
8207,15
8208,1
8209,5
8210,4
8211,1
8212,3
8213,28
8214,10
8215,10
8216,11
8217,14
8218,4
8219,11
8220,10
8221,14
8222,14
8223,4
8224,1
8225,1
8226,5
8227,18
8228,9
8229,10
8230,7
8231,3
8232,12
8233,15
8234,2
8235,18
8236,5
8237,18
8238,7
8239,11
8240,2
8241,6
8242,12
8243,8
8244,5
8245,15
8246,2
8247,13
8248,1
8249,8
8250,10
8251,4
8252,1
8253,10
8254,12
8255,4
8256,17
8257,1
8258,4
8259,11
8260,6
8261,10
8262,4
8263,23
8264,18
8265,4
8266,1
8267,17
8268,2
8269,25
8270,3
8271,14
8272,7
8273,2
8274,10
8275,7
8276,7
8277,3
8278,1
8279,10
8280,3
8281,4
8282,10
8283,11
8284,13
8285,8
8286,12
8287,4
8288,8
8289,7
8290,12
8291,8
8292,1
8293,31
8294,9
8295,18
8296,2
8297,22
8298,1
8299,5
8300,8
8301,9
8302,8
8303,3
8304,2
8305,6
8306,7
8307,6
8308,9
8309,4
8310,5
8311,2
8312,1
8313,5
8314,10
8315,6
8316,5
8317,4
8318,7
8319,11
8320,8
8321,5
8322,18
8323,3
8324,8
8325,11
8326,7
8327,4
8328,2
8329,6
8330,3
8331,10
8332,3
8333,16
8334,9
8335,4
8336,1
8337,18
8338,1
8339,9
8340,10
8341,11
8342,6
8343,1
8344,5
8345,11
8346,8
8347,1
8348,1
8349,7
8350,4
8351,13
8352,5
8353,16
8354,14
8355,3
8356,10
8357,12
8358,16
8359,4
8360,15
8361,13
8362,5
8363,11
8364,5
8365,6
8366,7
8367,7
8368,3
8369,4
8370,4
8371,7
8372,11
8373,1
8374,3
8375,13
8376,15
8377,7
8378,8
8379,5
8380,20
8381,3
8382,8
8383,8
8384,1
8385,9
8386,4
8387,4
8388,17
8389,23
8390,12
8391,1
8392,8
8393,10
8394,9
8395,9
8396,8
8397,4
8398,5
8399,1
8400,23
8401,14
8402,3
8403,12
8404,4
8405,9
8406,11
8407,8
8408,6
8409,19
8410,18
8411,8
8412,3
8413,3
8414,11
8415,6
8416,25
8417,33
8418,16
8419,8
8420,6
8421,18
8422,4
8423,11
8424,5
8425,4
8426,19
8427,3
8428,18
8429,7
8430,9
8431,6
8432,2
8433,2
8434,8
8435,2
8436,1
8437,7
8438,7
8439,19
8440,20
8441,4
8442,1
8443,14
8444,14
8445,6
8446,12
8447,10
8448,8
8449,12
8450,8
8451,19
8452,16
8453,14
8454,13
8455,16
8456,9
8457,20
8458,6
8459,13
8460,24
8461,16
8462,2
8463,8
8464,9
8465,2
8466,17
8467,3
8468,30
8469,9
8470,7
8471,16
8472,28
8473,7
8474,9
8475,11
8476,6
8477,15
8478,3
8479,19
8480,5
8481,10
8482,11
8483,1
8484,6
8485,3
8486,10
8487,14
8488,7
8489,3
8490,3
8491,11
8492,2
8493,12
8494,6
8495,11
8496,3
8497,12
8498,4
8499,2
8500,6
8501,2
8502,27
8503,12
8504,10
8505,22
8506,17
8507,3
8508,22
8509,9
8510,27
8511,23
8512,12
8513,19
8514,10
8515,15
8516,17
8517,3
8518,4
8519,27
8520,7
8521,1
8522,21
8523,7
8524,15
8525,16
8526,5
8527,14
8528,12
8529,5
8530,26
8531,7
8532,25
8533,15
8534,2
8535,13
8536,2
8537,16
8538,3
8539,4
8540,16
8541,6
8542,11
8543,12
8544,29
8545,11
8546,7
8547,3
8548,17
8549,12
8550,6
8551,7
8552,14
8553,19
8554,4
8555,6
8556,8
8557,11
8558,2
8559,4
8560,11
8561,2
8562,3
8563,1
8564,11
8565,11
8566,11
8567,26
8568,10
8569,23
8570,8
8571,15
8572,13
8573,8
8574,12
8575,11
8576,21
8577,1
8578,3
8579,19
8580,8
8581,2
8582,14
8583,17
8584,14
8585,16
8586,17
8587,10
8588,7
8589,29
8590,7
8591,2
8592,11
8593,20
8594,3
8595,12
8596,1
8597,1
8598,10
8599,3
8600,6
8601,8
8602,3
8603,1
8604,2
8605,16
8606,11
8607,3
8608,28
8609,4
8610,13
8611,8
8612,6
8613,1
8614,3
8615,14
8616,9
8617,6
8618,1
8619,1
8620,16
8621,25
8622,3
8623,20
8624,14
8625,22
8626,10
8627,13
8628,3
8629,23
8630,12
8631,14
8632,6
8633,2
8634,10
8635,19
8636,5
8637,15
8638,8
8639,1
8640,4
8641,2
8642,4
8643,5
8644,1
8645,3
8646,8
8647,15
8648,15
8649,5
8650,4
8651,10
8652,13
8653,4
8654,17
8655,10
8656,8
8657,10
8658,4
8659,19
8660,21
8661,1
8662,12
8663,6
8664,18
8665,6
8666,22
8667,6
8668,3
8669,11
8670,5
8671,7
8672,3
8673,4
8674,6
8675,11
8676,7
8677,2
8678,5
8679,17
8680,20
8681,19
8682,10
8683,3
8684,15
8685,7
8686,13
8687,4
8688,18
8689,21
8690,41
8691,2
8692,11
8693,1
8694,9
8695,10
8696,6
8697,5
8698,7
8699,1
8700,3
8701,3
8702,7
8703,2
8704,14
8705,2
8706,14
8707,10
8708,27
8709,12
8710,3
8711,6
8712,5
8713,4
8714,2
8715,16
8716,27
8717,15
8718,1
8719,2
8720,20
8721,8
8722,4
8723,17
8724,5
8725,2
8726,13
8727,22
8728,11
8729,17
8730,31
8731,2
8732,9
8733,8
8734,11
8735,26
8736,8
8737,12
8738,10
8739,9
8740,8
8741,2
8742,10
8743,12
8744,6
8745,17
8746,2
8747,7
8748,11
8749,14
8750,8
8751,13
8752,11
8753,1
8754,17
8755,7
8756,12
8757,10
8758,15
8759,22
8760,15
8761,4
8762,17
8763,6
8764,16
8765,3
8766,6
8767,6
8768,17
8769,2
8770,13
8771,18
8772,7
8773,5
8774,13
8775,1
8776,1
8777,15
8778,10
8779,9
8780,1
8781,14
8782,2
8783,9
8784,14
8785,12
8786,19
8787,15
8788,40
8789,6
8790,9
8791,2
8792,17
8793,5
8794,7
8795,5
8796,12
8797,3
8798,11
8799,7
8800,1
8801,12
8802,2
8803,6
8804,18
8805,8
8806,5
8807,5
8808,14
8809,21
8810,3
8811,10
8812,2
8813,20
8814,10
8815,6
8816,14
8817,9
8818,22
8819,13
8820,15
8821,3
8822,8
8823,9
8824,2
8825,3
8826,10
8827,4
8828,34
8829,2
8830,6
8831,6
8832,11
8833,12
8834,16
8835,13
8836,15
8837,7
8838,2
8839,17
8840,1
8841,12
8842,12
8843,4
8844,5
8845,6
8846,2
8847,7
8848,2
8849,19
8850,2
8851,10
8852,15
8853,15
8854,19
8855,5
8856,7
8857,9
8858,6
8859,4
8860,10
8861,7
8862,4
8863,5
8864,2
8865,4
8866,11
8867,3
8868,7
8869,12
8870,3
8871,15
8872,1
8873,6
8874,9
8875,13
8876,11
8877,13
8878,9
8879,3
8880,2
8881,4
8882,13
8883,30
8884,11
8885,3
8886,13
8887,11
8888,19
8889,13
8890,9
8891,4
8892,16
8893,7
8894,15
8895,5
8896,3
8897,16
8898,12
8899,16
8900,10
8901,11
8902,8
8903,19
8904,13
8905,21
8906,5
8907,3
8908,18
8909,28
8910,6
8911,36
8912,37
8913,28
8914,4
8915,4
8916,12
8917,6
8918,18
8919,4
8920,7
8921,25
8922,15
8923,10
8924,12
8925,32
8926,3
8927,4
8928,16
8929,9
8930,15
8931,2
8932,7
8933,5
8934,12
8935,31
8936,22
8937,1
8938,21
8939,12
8940,13
8941,11
8942,10
8943,11
8944,17
8945,3
8946,8
8947,11
8948,25
8949,18
8950,17
8951,9
8952,18
8953,14
8954,4
8955,27
8956,21
8957,6
8958,13
8959,7
8960,19
8961,19
8962,16
8963,34
8964,7
8965,13
8966,2
8967,32
8968,11
8969,26
8970,9
8971,9
8972,20
8973,7
8974,22
8975,8
8976,5
8977,18
8978,21
8979,11
8980,2
8981,7
8982,9
8983,15
8984,3
8985,15
8986,3
8987,8
8988,9
8989,1
8990,24
8991,21
8992,10
8993,16
8994,15
8995,15
8996,2
8997,4
8998,11
8999,11
9000,13
9001,29
9002,14
9003,4
9004,1
9005,6
9006,6
9007,9
9008,23
9009,13
9010,7
9011,19
9012,1
9013,3
9014,2
9015,5
9016,2
9017,1
9018,2
9019,10
9020,14
9021,13
9022,2
9023,12
9024,3
9025,15
9026,11
9027,14
9028,2
9029,1
9030,8
9031,1
9032,24
9033,4
9034,17
9035,9
9036,8
9037,15
9038,14
9039,34
9040,10
9041,28
9042,7
9043,8
9044,15
9045,9
9046,1
9047,7
9048,13
9049,3
9050,10
9051,5
9052,5
9053,6
9054,4
9055,16
9056,7
9057,7
9058,3
9059,13
9060,15
9061,6
9062,11
9063,2
9064,5
9065,5
9066,21
9067,13
9068,12
9069,9
9070,4
9071,19
9072,9
9073,8
9074,2
9075,5
9076,11
9077,19
9078,17
9079,23
9080,17
9081,20
9082,7
9083,3
9084,36
9085,4
9086,5
9087,10
9088,17
9089,10
9090,8
9091,4
9092,12
9093,9
9094,9
9095,3
9096,7
9097,8
9098,13
9099,2
9100,8
9101,7
9102,11
9103,1
9104,9
9105,25
9106,9
9107,11
9108,3
9109,12
9110,26
9111,11
9112,3
9113,3
9114,13
9115,11
9116,15
9117,1
9118,15
9119,9
9120,6
9121,11
9122,12
9123,9
9124,41
9125,6
9126,8
9127,1
9128,7
9129,1
9130,22
9131,9
9132,17
9133,2
9134,3
9135,16
9136,11
9137,3
9138,9
9139,8
9140,3
9141,21
9142,10
9143,13
9144,17
9145,6
9146,15
9147,3
9148,7
9149,20
9150,7
9151,7
9152,7
9153,11
9154,14
9155,23
9156,26
9157,11
9158,14
9159,11
9160,15
9161,20
9162,1
9163,4
9164,9
9165,3
9166,16
9167,18
9168,14
9169,13
9170,17
9171,7
9172,15
9173,15
9174,26
9175,15
9176,9
9177,16
9178,3
9179,12
9180,23
9181,10
9182,1
9183,14
9184,4
9185,29
9186,21
9187,28
9188,9
9189,17
9190,3
9191,12
9192,5
9193,30
9194,6
9195,4
9196,11
9197,20
9198,2
9199,19
9200,5
9201,8
9202,2
9203,30
9204,25
9205,16
9206,21
9207,3
9208,15
9209,5
9210,19
9211,22
9212,17
9213,13
9214,19
9215,12
9216,15
9217,19
9218,20
9219,5
9220,8
9221,10
9222,13
9223,23
9224,18
9225,42
9226,6
9227,2
9228,18
9229,6
9230,2
9231,13
9232,11
9233,6
9234,14
9235,14
9236,3
9237,1
9238,6
9239,1
9240,24
9241,3
9242,2
9243,12
9244,16
9245,2
9246,21
9247,21
9248,5
9249,9
9250,3
9251,6
9252,12
9253,9
9254,2
9255,1
9256,5
9257,17
9258,1
9259,15
9260,6
9261,19
9262,7
9263,10
9264,9
9265,2
9266,15
9267,2
9268,16
9269,8
9270,5
9271,35
9272,14
9273,12
9274,14
9275,6
9276,22
9277,12
9278,13
9279,10
9280,4
9281,15
9282,8
9283,3
9284,7
9285,29
9286,3
9287,4
9288,5
9289,7
9290,2
9291,11
9292,6
9293,4
9294,3
9295,2
9296,12
9297,5
9298,9
9299,11
9300,7
9301,5
9302,2
9303,1
9304,11
9305,4
9306,3
9307,6
9308,43
9309,18
9310,2
9311,12
9312,5
9313,1
9314,20
9315,14
9316,3
9317,16
9318,13
9319,4
9320,17
9321,1
9322,3
9323,9
9324,9
9325,9
9326,19
9327,8
9328,2
9329,11
9330,6
9331,8
9332,12
9333,4
9334,1
9335,7
9336,7
9337,19
9338,6
9339,5
9340,13
9341,4
9342,6
9343,4
9344,2
9345,9
9346,11
9347,11
9348,17
9349,29
9350,10
9351,12
9352,10
9353,19
9354,5
9355,6
9356,3
9357,1
9358,10
9359,7
9360,5
9361,11
9362,24
9363,4
9364,6
9365,20
9366,12
9367,3
9368,1
9369,17
9370,10
9371,14
9372,16
9373,10
9374,3
9375,11
9376,8
9377,3
9378,8
9379,10
9380,1
9381,17
9382,6
9383,9
9384,12
9385,14
9386,6
9387,25
9388,14
9389,23
9390,7
9391,10
9392,9
9393,15
9394,6
9395,4
9396,8
9397,23
9398,9
9399,15
9400,12
9401,11
9402,19
9403,8
9404,15
9405,12
9406,16
9407,14
9408,9
9409,7
9410,1
9411,12
9412,9
9413,11
9414,6
9415,9
9416,20
9417,1
9418,18
9419,5
9420,25
9421,9
9422,7
9423,6
9424,12
9425,1
9426,6
9427,4
9428,4
9429,12
9430,17
9431,4
9432,8
9433,18
9434,9
9435,10
9436,1
9437,10
9438,9
9439,1
9440,10
9441,13
9442,7
9443,11
9444,2
9445,17
9446,1
9447,28
9448,2
9449,5
9450,3
9451,15
9452,11
9453,29
9454,12
9455,21
9456,20
9457,15
9458,12
9459,9
9460,6
9461,14
9462,12
9463,21
9464,2
9465,11
9466,7
9467,11
9468,6
9469,31
9470,15
9471,17
9472,12
9473,4
9474,2
9475,12
9476,3
9477,7
9478,23
9479,2
9480,14
9481,5
9482,12
9483,2
9484,18
9485,14
9486,17
9487,6
9488,12
9489,11
9490,16
9491,13
9492,20
9493,11
9494,13
9495,6
9496,16
9497,1
9498,8
9499,8
9500,11
9501,15
9502,7
9503,21
9504,8
9505,16
9506,4
9507,2
9508,4
9509,9
9510,4
9511,2
9512,6
9513,4
9514,10
9515,19
9516,4
9517,29
9518,17
9519,4
9520,17
9521,6
9522,6
9523,14
9524,8
9525,14
9526,1
9527,22
9528,2
9529,9
9530,2
9531,9
9532,5
9533,10
9534,27
9535,7
9536,4
9537,2
9538,6
9539,4
9540,11
9541,9
9542,6
9543,24
9544,3
9545,14
9546,6
9547,17
9548,7
9549,3
9550,6
9551,1
9552,5
9553,10
9554,4
9555,8
9556,7
9557,4
9558,13
9559,1
9560,6
9561,5
9562,1
9563,10
9564,15
9565,10
9566,5
9567,12
9568,1
9569,9
9570,7
9571,9
9572,2
9573,2
9574,5
9575,16
9576,3
9577,1
9578,5
9579,23
9580,10
9581,6
9582,9
9583,2
9584,9
9585,1
9586,3
9587,23
9588,12
9589,2
9590,1
9591,8
9592,4
9593,9
9594,15
9595,1
9596,11
9597,15
9598,8
9599,15
9600,11
9601,14
9602,13
9603,5
9604,2
9605,5
9606,14
9607,6
9608,8
9609,6
9610,19
9611,16
9612,2
9613,25
9614,4
9615,14
9616,20
9617,15
9618,9
9619,15
9620,11
9621,7
9622,6
9623,2
9624,3
9625,3
9626,6
9627,22
9628,5
9629,10
9630,9
9631,5
9632,5
9633,21
9634,8
9635,9
9636,5
9637,1
9638,13
9639,3
9640,1
9641,20
9642,19
9643,14
9644,9
9645,12
9646,9
9647,1
9648,2
9649,30
9650,29
9651,16
9652,14
9653,2
9654,6
9655,20
9656,8
9657,13
9658,5
9659,20
9660,7
9661,14
9662,1
9663,5
9664,9
9665,21
9666,23
9667,13
9668,15
9669,26
9670,3
9671,2
9672,24
9673,2
9674,2
9675,22
9676,13
9677,4
9678,6
9679,8
9680,42
9681,7
9682,16
9683,3
9684,10
9685,11
9686,5
9687,2
9688,22
9689,6
9690,4
9691,9
9692,1
9693,9
9694,3
9695,4
9696,7
9697,3
9698,22
9699,1
9700,13
9701,3
9702,1
9703,1
9704,8
9705,8
9706,9
9707,5
9708,19
9709,8
9710,17
9711,12
9712,12
9713,14
9714,3
9715,16
9716,10
9717,23
9718,10
9719,22
9720,2
9721,10
9722,16
9723,4
9724,2
9725,28
9726,16
9727,6
9728,3
9729,11
9730,7
9731,14
9732,12
9733,14
9734,8
9735,17
9736,1
9737,2
9738,14
9739,13
9740,13
9741,23
9742,16
9743,3
9744,1
9745,7
9746,12
9747,5
9748,19
9749,27
9750,14
9751,7
9752,22
9753,10
9754,23
9755,8
9756,6
9757,23
9758,4
9759,10
9760,9
9761,16
9762,2
9763,19
9764,6
9765,26
9766,28
9767,5
9768,2
9769,13
9770,7
9771,5
9772,7
9773,7
9774,10
9775,30
9776,16
9777,5
9778,8
9779,9
9780,14
9781,1
9782,6
9783,8
9784,4
9785,14
9786,7
9787,7
9788,3
9789,1
9790,4
9791,9
9792,5
9793,2
9794,13
9795,1
9796,1
9797,2
9798,6
9799,9
9800,6
9801,2
9802,1
9803,33
9804,9
9805,15
9806,8
9807,17
9808,18
9809,22
9810,11
9811,6
9812,7
9813,4
9814,5
9815,8
9816,3
9817,3
9818,15
9819,6
9820,3
9821,22
9822,24
9823,5
9824,2
9825,5
9826,5
9827,3
9828,9
9829,5
9830,2
9831,10
9832,8
9833,2
9834,11
9835,3
9836,8
9837,5
9838,7
9839,14
9840,4
9841,5
9842,4
9843,12
9844,2
9845,1
9846,14
9847,8
9848,2
9849,2
9850,4
9851,7
9852,13
9853,5
9854,4
9855,1
9856,14
9857,21
9858,6
9859,2
9860,17
9861,5
9862,8
9863,2
9864,11
9865,15
9866,12
9867,9
9868,4
9869,2
9870,15
9871,9
9872,9
9873,18
9874,12
9875,15
9876,15
9877,10
9878,25
9879,10
9880,3
9881,8
9882,7
9883,15
9884,2
9885,4
9886,14
9887,7
9888,25
9889,23
9890,13
9891,13
9892,12
9893,1
9894,8
9895,3
9896,20
9897,22
9898,32
9899,19
9900,16
9901,10
9902,6
9903,10
9904,3
9905,3
9906,5
9907,5
9908,2
9909,4
9910,3
9911,25
9912,6
9913,2
9914,1
9915,17
9916,11
9917,20
9918,3
9919,12
9920,1
9921,9
9922,12
9923,4
9924,1
9925,18
9926,15
9927,7
9928,17
9929,6
9930,18
9931,8
9932,15
9933,7
9934,7
9935,13
9936,17
9937,4
9938,12
9939,23
9940,17
9941,7
9942,14
9943,21
9944,6
9945,18
9946,9
9947,13
9948,25
9949,9
9950,23
9951,7
9952,6
9953,32
9954,26
9955,16
9956,10
9957,21
9958,7
9959,17
9960,11
9961,4
9962,7
9963,2
9964,7
9965,16
9966,11
9967,10
9968,21
9969,4
9970,4
9971,1
9972,14
9973,1
9974,2
9975,4
9976,2
9977,10
9978,11
9979,3
9980,8
9981,21
9982,9
9983,7
9984,7
9985,1
9986,13
9987,15
9988,14
9989,14
9990,5
9991,10
9992,16
9993,2
9994,9
9995,4
9996,8
9997,9
9998,26
9999,15
10000,12
10001,22
10002,5
10003,1
10004,16
10005,11
10006,7
10007,28
10008,1
10009,10
10010,18
10011,6
10012,11
10013,10
10014,7
10015,19
10016,8
10017,7
10018,18
10019,23
10020,12
10021,18
10022,4
10023,4
10024,8
10025,9
10026,14
10027,10
10028,1
10029,8
10030,10
10031,15
10032,5
10033,16
10034,11
10035,7
10036,11
10037,6
10038,6
10039,4
10040,4
10041,5
10042,8
10043,4
10044,7
10045,5
10046,10
10047,7
10048,14
10049,10
10050,4
10051,6
10052,20
10053,1
10054,14
10055,5
10056,11
10057,13
10058,7
10059,12
10060,9
10061,7
10062,2
10063,3
10064,3
10065,3
10066,5
10067,20
10068,15
10069,15
10070,3
10071,17
10072,1
10073,5
10074,8
10075,9
10076,10
10077,11
10078,13
10079,10
10080,12
10081,1
10082,6
10083,3
10084,11
10085,2
10086,6
10087,14
10088,12
10089,14
10090,3
10091,10
10092,4
10093,20
10094,12
10095,12
10096,5
10097,19
10098,10
10099,5
10100,25
10101,5
10102,10
10103,8
10104,1
10105,10
10106,3
10107,8
10108,12
10109,1
10110,14
10111,1
10112,5
10113,2
10114,27
10115,1
10116,7
10117,5
10118,4
10119,17
10120,3
10121,12
10122,11
10123,8
10124,3
10125,2
10126,3
10127,10
10128,12
10129,1
10130,1
10131,7
10132,6
10133,11
10134,15
10135,7
10136,16
10137,1
10138,14
10139,16
10140,7
10141,6
10142,5
10143,1
10144,20
10145,11
10146,7
10147,12
10148,12
10149,3
10150,6
10151,13
10152,8
10153,8
10154,4
10155,8
10156,1
10157,7
10158,14
10159,18
10160,26
10161,16
10162,3
10163,6
10164,17
10165,17
10166,1
10167,12
10168,5
10169,13
10170,2
10171,6
10172,6
10173,2
10174,16
10175,22
10176,14
10177,14
10178,6
10179,11
10180,13
10181,2
10182,8
10183,8
10184,2
10185,6
10186,6
10187,13
10188,7
10189,4
10190,6
10191,8
10192,7
10193,6
10194,19
10195,8
10196,7
10197,8
10198,1
10199,8
10200,11
10201,18
10202,22
10203,8
10204,11
10205,13
10206,6
10207,17
10208,3
10209,2
10210,5
10211,15
10212,17
10213,15
10214,24
10215,12
10216,2
10217,10
10218,8
10219,1
10220,26
10221,6
10222,3
10223,1
10224,9
10225,11
10226,6
10227,10
10228,13
10229,9
10230,11
10231,5
10232,8
10233,10
10234,18
10235,3
10236,20
10237,14
10238,5
10239,2
10240,6
10241,5
10242,4
10243,18
10244,6
10245,16
10246,3
10247,20
10248,3
10249,10
10250,10
10251,15
10252,6
10253,18
10254,5
10255,8
10256,23
10257,6
10258,21
10259,2
10260,13
10261,3
10262,5
10263,7
10264,20
10265,14
10266,12
10267,6
10268,12
10269,18
10270,25
10271,7
10272,10
10273,32
10274,9
10275,22
10276,4
10277,11
10278,2
10279,6
10280,7
10281,4
10282,4
10283,6
10284,5
10285,1
10286,2
10287,1
10288,10
10289,4
10290,1
10291,4
10292,9
10293,12
10294,3
10295,3
10296,5
10297,6
10298,23
10299,18
10300,9
10301,13
10302,1
10303,8
10304,12
10305,6
10306,9
10307,1
10308,8
10309,9
10310,12
10311,3
10312,2
10313,1
10314,7
10315,6
10316,7
10317,9
10318,10
10319,4
10320,2
10321,12
10322,7
10323,7
10324,10
10325,6
10326,7
10327,6
10328,8
10329,6
10330,8
10331,9
10332,10
10333,4
10334,19
10335,7
10336,6
10337,8
10338,2
10339,1
10340,1
10341,11
10342,5
10343,4
10344,4
10345,5
10346,5
10347,4
10348,10
10349,14
10350,3
10351,4
10352,1
10353,3
10354,5
10355,7
10356,4
10357,1
10358,1
10359,2
10360,16
10361,13
10362,16
10363,3
10364,4
10365,14
10366,9
10367,7
10368,11
10369,10
10370,11
10371,7
10372,11
10373,20
10374,1
10375,3
10376,18
10377,1
10378,8
10379,13
10380,16
10381,12
10382,5
10383,10
10384,2
10385,5
10386,3
10387,11
10388,2
10389,16
10390,17
10391,17
10392,17
10393,26
10394,19
10395,6
